日志ID,日志特征列1,日志特征列2,日志特征列3,是否异常
%%blk_-1608999687919862906,"0,0,203,0,10,7,0","0,3,0,3,0,0,0","0,4,0,4,0,0,10",<font color=#11b3ff>正常</font>
%%blk_7503483334202473044,"0,2,1,0,3,0,0","0,3,0,3,0,0,0","0,0,0,0,0,0,3",<font color=#11b3ff>正常</font>
%%blk_-3544583377289625738,"0,0,203,0,3,0,0","0,3,0,3,0,0,0","0,0,0,0,0,1,3",<font color=#11b3ff>正常</font>
%%blk_-9073992586687739851,"0,3,0,0,3,0,0","0,3,0,3,0,0,0","0,0,0,0,0,0,3",<font color=#11b3ff>正常</font>
%%blk_7854771516489510256,"0,3,1,15,3,0,0","0,3,0,3,0,0,0","0,0,0,0,0,0,3",<font color=#11b3ff>正常</font>
%%blk_1717858812220360316,"0,3,1,15,3,0,0","0,3,0,3,0,0,0","0,0,0,0,0,0,3",<font color=#11b3ff>正常</font>
%%blk_-2519617320378473615,"0,3,1,15,3,0,0","0,3,0,3,0,0,0","0,0,0,0,0,0,3",<font color=#11b3ff>正常</font>
%%blk_7063315473424667801,"0,3,1,15,3,0,0","0,3,0,3,0,0,0","0,0,0,0,0,0,3",<font color=#11b3ff>正常</font>
%%blk_8586544123689943463,"0,3,1,15,3,0,0","0,3,0,3,0,0,0","0,0,0,0,0,0,3",<font color=#11b3ff>正常</font>
%%blk_2765344736980045501,"0,3,1,15,3,0,0","0,3,0,3,0,0,0","0,0,0,0,0,0,3",<font color=#11b3ff>正常</font>
%%blk_-2900490557492272760,"0,3,1,15,3,0,0","0,3,0,3,0,0,0","0,0,0,0,0,0,3",<font color=#11b3ff>正常</font>
%%blk_-50273257731426871,"0,3,1,15,3,0,0","0,3,0,3,0,0,0","0,0,0,0,0,0,3",<font color=#11b3ff>正常</font>
%%blk_4394112519745907149,"0,3,1,15,3,0,0","0,3,0,3,0,0,0","0,0,0,0,0,0,3",<font color=#11b3ff>正常</font>
%%blk_3640100967125688321,"0,3,1,15,3,0,0","0,3,0,3,0,0,0","0,0,0,0,0,0,3",<font color=#11b3ff>正常</font>
%%blk_-40115644493265216,"0,3,1,15,3,0,0","0,3,0,3,0,0,0","0,0,0,0,0,0,3",<font color=#11b3ff>正常</font>
%%blk_-8531310335568756456,"0,3,1,15,3,0,0","0,3,0,3,0,0,0","0,0,0,0,0,0,3",<font color=#11b3ff>正常</font>
%%blk_-3409923645141256069,"0,3,1,15,3,0,0","0,3,0,3,0,0,0","0,0,0,0,0,0,3",<font color=#11b3ff>正常</font>
%%blk_3974948352784823938,"0,3,1,15,3,0,0","0,3,0,3,0,0,0","0,0,0,0,0,0,3",<font color=#11b3ff>正常</font>
%%blk_5647760196018207394,"0,3,1,15,3,0,0","0,3,0,3,0,0,0","0,0,0,0,0,0,3",<font color=#11b3ff>正常</font>
%%blk_-202775138379690649,"0,3,1,15,3,0,0","0,3,0,3,0,0,0","0,0,0,0,0,0,3",<font color=#11b3ff>正常</font>
%%blk_-8120118743897862909,"0,3,1,15,3,0,0","0,3,0,3,0,0,0","0,0,0,0,0,0,3",<font color=#11b3ff>正常</font>
%%blk_8376667364205250596,"0,3,1,15,3,0,0","0,3,0,3,0,0,0","0,0,0,0,0,0,3",<font color=#11b3ff>正常</font>
%%blk_-1942808544656255720,"0,3,1,15,3,0,0","0,3,0,3,0,0,0","0,0,0,0,0,0,3",<font color=#11b3ff>正常</font>
%%blk_3947106522258141922,"0,3,1,15,3,0,0","0,3,0,3,0,0,0","0,0,0,0,0,0,3",<font color=#11b3ff>正常</font>
%%blk_-4513615671112005170,"0,3,1,15,3,0,0","0,3,0,3,0,0,0","0,0,0,0,0,0,3",<font color=#11b3ff>正常</font>
%%blk_5703440264997337028,"0,3,1,15,3,0,0","0,3,0,3,0,0,0","0,0,0,0,0,0,3",<font color=#11b3ff>正常</font>
%%blk_-66330728533676520,"0,3,1,15,3,0,0","0,3,0,3,0,0,0","0,0,0,0,0,0,3",<font color=#11b3ff>正常</font>
%%blk_1998424538687454859,"0,3,1,15,3,0,0","0,3,0,3,0,0,0","0,0,0,0,0,0,3",<font color=#11b3ff>正常</font>
%%blk_3175731177970777720,"0,3,1,15,3,0,0","0,3,0,3,0,0,0","0,0,0,0,0,0,3",<font color=#11b3ff>正常</font>
%%blk_5117857107611435103,"0,3,1,15,3,0,0","0,3,0,3,0,0,0","0,0,0,0,0,0,3",<font color=#11b3ff>正常</font>
%%blk_5727159100405160712,"0,3,1,15,3,0,0","0,3,0,3,0,0,0","0,0,0,0,0,0,3",<font color=#11b3ff>正常</font>
%%blk_-6535155942125829332,"0,3,1,15,3,0,0","0,3,0,3,0,0,0","0,0,0,0,0,0,3",<font color=#ff7a2e>异常</font>
%%blk_-7742258871275669707,"0,3,1,15,3,0,0","0,3,0,3,0,0,0","0,0,0,0,0,0,3",<font color=#11b3ff>正常</font>
%%blk_-7861579849076010389,"0,3,1,15,3,0,0","0,3,0,3,0,0,0","0,0,0,0,0,0,3",<font color=#11b3ff>正常</font>
%%blk_-8476126489496204177,"0,3,1,15,3,0,0","0,3,0,3,0,0,0","0,0,0,0,0,0,3",<font color=#11b3ff>正常</font>
%%blk_-2372508938534145884,"0,3,1,15,3,0,0","0,3,0,3,0,0,0","0,0,0,0,0,0,3",<font color=#11b3ff>正常</font>
%%blk_4649698331936539655,"0,3,1,15,3,0,0","0,3,0,3,0,0,0","0,0,0,0,0,0,3",<font color=#11b3ff>正常</font>
%%blk_9069966081657556515,"0,3,1,15,3,0,0","0,3,0,3,0,0,0","0,0,0,0,0,0,3",<font color=#11b3ff>正常</font>
%%blk_-2444160001954743483,"0,3,1,15,3,0,0","0,3,0,3,0,0,0","0,0,0,0,0,0,3",<font color=#11b3ff>正常</font>
%%blk_-2828839543885026602,"0,3,1,15,3,0,0","0,3,0,3,0,0,0","0,0,0,0,0,0,3",<font color=#ff7a2e>异常</font>
%%blk_-3940941529251864773,"0,3,1,15,3,0,0","0,3,0,3,0,0,0","0,0,0,0,0,0,3",<font color=#11b3ff>正常</font>
%%blk_8609819439677503690,"0,3,1,15,3,0,0","0,3,0,3,0,0,0","0,0,0,0,0,0,3",<font color=#11b3ff>正常</font>
%%blk_-8281945757273050140,"0,3,1,15,3,0,0","0,3,0,3,0,0,0","0,0,0,0,0,0,3",<font color=#11b3ff>正常</font>
%%blk_2825871331379974767,"0,3,1,15,3,0,0","0,3,0,3,0,0,0","0,0,0,0,0,0,3",<font color=#11b3ff>正常</font>
%%blk_-774246298521956028,"0,3,1,15,3,0,0","0,3,0,3,0,0,0","0,0,0,0,0,0,3",<font color=#11b3ff>正常</font>
%%blk_-5649479540791129974,"0,3,1,15,3,0,0","0,3,0,3,0,0,0","0,0,0,0,0,0,3",<font color=#11b3ff>正常</font>
%%blk_-8013855621109800549,"0,3,1,15,3,0,0","0,3,0,3,0,0,0","0,0,0,0,0,0,3",<font color=#11b3ff>正常</font>
%%blk_177394776382448614,"0,3,1,15,3,0,0","0,3,0,3,0,0,0","0,0,0,0,0,0,3",<font color=#11b3ff>正常</font>
%%blk_-2398209593415798905,"0,3,1,15,3,0,0","0,3,0,3,0,0,0","0,0,0,0,0,0,3",<font color=#11b3ff>正常</font>
%%blk_-6370470857048627387,"0,3,1,15,3,0,0","0,3,0,3,0,0,0","0,0,0,0,0,0,3",<font color=#11b3ff>正常</font>
%%blk_7475438553401908725,"0,3,1,15,3,0,0","0,3,0,3,0,0,0","0,0,0,0,0,0,3",<font color=#11b3ff>正常</font>
%%blk_-8186438745381579117,"0,3,1,15,3,0,0","0,3,0,3,0,0,0","0,0,0,0,0,0,3",<font color=#11b3ff>正常</font>
%%blk_-105450231192318816,"0,3,1,15,3,0,0","0,3,0,3,0,0,0","0,0,0,0,0,0,3",<font color=#11b3ff>正常</font>
%%blk_-1385756122847916710,"0,3,1,15,3,0,0","0,3,0,3,0,0,0","0,0,0,0,0,0,3",<font color=#11b3ff>正常</font>
%%blk_2080109799967615857,"0,3,1,15,3,0,0","0,3,0,3,0,0,0","0,0,0,0,0,0,3",<font color=#11b3ff>正常</font>
%%blk_3098154771341398925,"0,3,1,15,3,0,0","0,3,0,3,0,0,0","0,0,0,0,0,0,3",<font color=#11b3ff>正常</font>
%%blk_3738211383445750914,"0,3,1,15,3,0,0","0,3,0,3,0,0,0","0,0,0,0,0,0,3",<font color=#11b3ff>正常</font>
%%blk_-4309280423174037990,"0,3,1,15,3,0,0","0,3,0,3,0,0,0","0,0,0,0,0,0,3",<font color=#ff7a2e>异常</font>
%%blk_584104991019184413,"0,3,1,15,3,0,0","0,3,0,3,0,0,0","0,0,0,0,0,0,3",<font color=#11b3ff>正常</font>
%%blk_6609646171038203219,"0,3,1,15,3,0,0","0,3,0,3,0,0,0","0,0,0,0,0,0,3",<font color=#11b3ff>正常</font>
%%blk_6740695140894845846,"0,3,1,15,3,0,0","0,3,0,3,0,0,0","0,0,0,0,0,0,3",<font color=#11b3ff>正常</font>
%%blk_6835995323369082616,"0,3,1,15,3,0,0","0,3,0,3,0,0,0","0,0,0,0,0,0,3",<font color=#11b3ff>正常</font>
%%blk_-7198899606504196854,"0,3,1,15,3,0,0","0,3,0,3,0,0,0","0,0,0,0,0,0,3",<font color=#11b3ff>正常</font>
%%blk_7955481321933797799,"0,3,1,15,3,0,0","0,3,0,3,0,0,0","0,0,0,0,0,0,3",<font color=#11b3ff>正常</font>
%%blk_7956543127401791181,"0,3,1,15,3,0,0","0,3,0,3,0,0,0","0,0,0,0,0,1,3",<font color=#11b3ff>正常</font>
%%blk_8026466674001363449,"0,3,1,15,3,0,0","0,3,0,3,0,0,0","0,0,0,0,0,0,3",<font color=#11b3ff>正常</font>
%%blk_-2850818623433938591,"0,3,1,15,3,0,0","0,3,0,3,0,0,0","0,0,0,0,0,0,3",<font color=#ff7a2e>异常</font>
%%blk_6227055072516687391,"0,3,1,15,3,0,0","0,3,0,3,0,0,0","0,0,0,0,0,0,3",<font color=#11b3ff>正常</font>
%%blk_1937926427363440853,"0,3,1,15,3,0,0","0,3,0,3,0,0,0","0,0,0,0,0,0,3",<font color=#11b3ff>正常</font>
%%blk_-2682415100025107597,"0,3,1,15,3,0,0","0,3,0,3,0,0,0","0,0,0,0,0,0,3",<font color=#11b3ff>正常</font>
%%blk_-2814588473145762869,"0,3,1,15,3,0,0","0,3,0,3,0,0,0","0,0,0,0,0,0,3",<font color=#ff7a2e>异常</font>
%%blk_634338240549205708,"0,3,1,15,3,0,0","0,3,0,3,0,0,0","0,0,0,0,0,0,3",<font color=#11b3ff>正常</font>
%%blk_7474637556625667220,"0,3,1,15,3,0,0","0,3,0,3,0,0,0","0,0,0,0,0,0,3",<font color=#11b3ff>正常</font>
%%blk_-7911463493785581853,"0,3,1,15,3,0,0","0,3,0,3,0,0,0","0,0,0,0,0,0,3",<font color=#11b3ff>正常</font>
%%blk_967160175355936210,"0,3,1,15,3,0,0","0,3,0,3,0,0,0","0,0,0,0,0,0,3",<font color=#11b3ff>正常</font>
%%blk_3941533870808561940,"0,3,1,15,3,0,0","0,3,0,3,0,0,0","0,0,0,0,0,0,3",<font color=#11b3ff>正常</font>
%%blk_40441923226500563,"0,3,1,15,3,0,0","0,3,0,3,0,0,0","0,0,0,0,0,0,3",<font color=#11b3ff>正常</font>
%%blk_6309418393114897475,"0,3,1,15,3,0,0","0,3,0,3,0,0,0","0,0,0,0,0,0,3",<font color=#11b3ff>正常</font>
%%blk_-6790654856691185731,"0,3,1,15,3,0,0","0,3,0,3,0,0,0","0,0,0,0,0,0,3",<font color=#11b3ff>正常</font>
%%blk_8558795046002911094,"0,3,1,15,3,0,0","0,3,0,3,0,0,0","0,0,0,0,0,0,3",<font color=#ff7a2e>异常</font>
%%blk_-3667585438930153850,"0,3,1,15,3,0,0","0,3,0,3,0,0,0","0,0,0,0,0,0,3",<font color=#11b3ff>正常</font>
%%blk_5479015932651254774,"0,3,1,15,3,0,0","0,3,0,3,0,0,0","0,0,0,0,0,0,3",<font color=#11b3ff>正常</font>
%%blk_6918081507126070602,"0,3,1,15,3,0,0","0,3,0,3,0,0,0","0,0,0,0,0,0,3",<font color=#11b3ff>正常</font>
%%blk_8046151943293893685,"0,3,1,15,3,0,0","0,3,0,3,0,0,0","0,0,0,0,0,0,3",<font color=#11b3ff>正常</font>
%%blk_3461505966191484945,"0,3,1,15,3,0,0","0,3,0,3,0,0,0","0,0,0,0,0,0,3",<font color=#11b3ff>正常</font>
%%blk_-4341181125838883663,"0,2,1,15,3,0,0","0,3,0,3,0,0,0","0,0,0,0,0,0,3",<font color=#11b3ff>正常</font>
%%blk_5775293647706867248,"0,3,1,15,3,0,0","0,3,0,3,0,0,0","0,0,0,0,0,0,3",<font color=#ff7a2e>异常</font>
%%blk_6288745377407023095,"0,3,1,15,3,0,0","0,3,0,3,0,0,0","0,0,0,0,0,0,3",<font color=#11b3ff>正常</font>
%%blk_-3076705858972714475,"0,3,1,15,3,0,0","0,3,0,3,0,0,0","0,0,0,0,0,0,3",<font color=#11b3ff>正常</font>
%%blk_4521164666406024155,"0,3,1,15,3,0,0","0,3,0,3,0,0,0","0,0,0,0,0,0,3",<font color=#11b3ff>正常</font>
%%blk_-5835224384325268050,"0,3,1,15,3,0,0","0,3,0,3,0,0,0","0,0,0,0,0,0,3",<font color=#11b3ff>正常</font>
%%blk_-3102267849859399193,"0,0,0,0,2,0,2","0,0,1,1,0,0,1","0,0,0,0,0,0,0",<font color=#11b3ff>正常</font>
%%blk_-3776330106018304557,"0,3,1,15,3,0,0","0,3,0,3,0,0,0","0,0,0,0,0,0,3",<font color=#11b3ff>正常</font>
%%blk_-3865158146925189370,"0,3,1,15,3,0,0","0,3,0,3,0,0,0","0,0,0,0,0,0,3",<font color=#ff7a2e>异常</font>
%%blk_-6108780682959356968,"0,3,1,15,3,0,0","0,3,0,3,0,0,0","0,0,0,0,0,0,3",<font color=#11b3ff>正常</font>
%%blk_6597014667441085597,"0,3,1,15,3,0,0","0,3,0,3,0,0,0","0,0,0,0,0,0,3",<font color=#11b3ff>正常</font>
%%blk_-9025459096044337508,"0,3,1,15,3,0,0","0,3,0,3,0,0,0","0,0,0,0,0,0,3",<font color=#11b3ff>正常</font>
%%blk_-1477913034248457629,"0,3,1,15,3,0,0","0,3,0,3,0,0,0","0,0,0,0,0,0,3",<font color=#11b3ff>正常</font>
%%blk_1613550655988246573,"0,3,1,15,3,0,0","0,3,0,3,0,0,0","0,0,0,0,0,0,3",<font color=#11b3ff>正常</font>
%%blk_2074627648226805983,"0,3,1,15,3,0,0","0,3,0,3,0,0,0","0,0,0,0,0,0,3",<font color=#11b3ff>正常</font>
%%blk_2986822300704311308,"0,3,1,15,3,0,0","0,3,0,3,0,0,0","0,0,0,0,0,0,3",<font color=#11b3ff>正常</font>
%%blk_-4390409968877773039,"0,3,1,15,3,0,0","0,3,0,3,0,0,0","0,0,0,0,0,0,3",<font color=#11b3ff>正常</font>
%%blk_-8515113585876695879,"0,3,1,15,3,0,0","0,3,0,3,0,0,0","0,0,0,0,0,0,3",<font color=#11b3ff>正常</font>
%%blk_8595954612153362607,"0,3,1,15,3,0,0","0,3,0,3,0,0,0","0,0,0,0,0,0,3",<font color=#11b3ff>正常</font>
%%blk_8665604379324651807,"0,3,1,15,3,0,0","0,3,0,3,0,0,0","0,0,0,0,0,0,3",<font color=#11b3ff>正常</font>
%%blk_-1187723472581877455,"0,3,1,15,3,0,0","0,3,0,3,0,0,0","0,0,0,0,0,0,3",<font color=#ff7a2e>异常</font>
%%blk_-1548346834251221499,"0,3,1,15,3,0,0","0,3,0,3,0,0,0","0,0,0,0,0,0,3",<font color=#11b3ff>正常</font>
%%blk_-1962009378227535387,"0,3,1,15,3,0,0","0,3,0,3,0,0,0","0,0,0,0,0,0,3",<font color=#11b3ff>正常</font>
%%blk_-2804479706331551014,"0,3,1,15,3,0,0","0,3,0,3,0,0,0","0,0,0,0,0,0,3",<font color=#11b3ff>正常</font>
%%blk_4845477247445346914,"0,3,1,15,3,0,0","0,3,0,3,0,0,0","0,0,0,0,0,0,3",<font color=#11b3ff>正常</font>
%%blk_-5702477348781461354,"0,3,1,15,3,0,0","0,3,0,3,0,0,0","0,0,0,0,0,0,3",<font color=#ff7a2e>异常</font>
%%blk_-5800700353547170271,"0,3,1,15,3,0,0","0,3,0,3,0,0,0","0,0,0,0,0,0,3",<font color=#11b3ff>正常</font>
%%blk_-6920587680575966964,"0,3,1,15,3,0,0","0,3,0,3,0,0,0","0,0,0,0,0,0,3",<font color=#ff7a2e>异常</font>
%%blk_-7158210625015641227,"0,3,1,15,3,0,0","0,3,0,3,0,0,0","0,0,0,0,0,0,3",<font color=#11b3ff>正常</font>
%%blk_-7226303435190136642,"0,3,1,15,3,0,0","0,3,0,3,0,0,0","0,0,0,0,0,0,3",<font color=#11b3ff>正常</font>
%%blk_-8756305378882356508,"0,3,1,15,3,0,0","0,3,0,3,0,0,0","0,0,0,0,0,0,3",<font color=#11b3ff>正常</font>
%%blk_8910234103556704078,"0,3,1,15,3,0,0","0,3,0,3,0,0,0","0,0,0,0,0,0,3",<font color=#ff7a2e>异常</font>
%%blk_2329219899967276279,"0,3,1,15,3,0,0","0,3,0,3,0,0,0","0,0,0,0,0,0,3",<font color=#11b3ff>正常</font>
%%blk_-2741438423499484166,"0,3,1,15,3,0,0","0,3,0,3,0,0,0","0,0,0,0,0,0,3",<font color=#ff7a2e>异常</font>
%%blk_-4710160024743429585,"0,3,1,15,3,0,0","0,3,0,3,0,0,0","0,0,0,0,0,0,3",<font color=#11b3ff>正常</font>
%%blk_5491460290951785997,"0,3,1,15,3,0,0","0,3,0,3,0,0,0","0,0,0,0,0,0,3",<font color=#11b3ff>正常</font>
%%blk_-2983481749155087856,"0,3,1,15,3,0,0","0,3,0,3,0,0,0","0,0,0,0,0,0,3",<font color=#11b3ff>正常</font>
%%blk_5161501523120226002,"0,3,1,15,3,0,0","0,3,0,3,0,0,0","0,0,0,0,0,0,3",<font color=#11b3ff>正常</font>
%%blk_1325332921567711382,"0,3,1,15,3,0,0","0,3,0,3,0,0,0","0,0,0,0,0,0,3",<font color=#11b3ff>正常</font>
%%blk_-1871778753987286456,"0,3,1,15,3,0,0","0,3,0,3,0,0,0","0,0,0,0,0,0,3",<font color=#11b3ff>正常</font>
%%blk_-518459762181346762,"0,3,1,15,3,0,0","0,3,0,3,0,0,0","0,0,0,0,0,0,3",<font color=#11b3ff>正常</font>
%%blk_2391384234620089834,"0,3,1,15,3,0,0","0,3,0,3,0,0,0","0,0,0,0,0,0,3",<font color=#11b3ff>正常</font>
%%blk_3433546525085724680,"0,3,1,15,3,0,0","0,3,0,3,0,0,0","0,0,0,0,0,0,3",<font color=#11b3ff>正常</font>
%%blk_-1076549517733373559,"0,3,1,15,3,0,0","0,3,0,3,0,0,0","0,0,0,0,0,0,3",<font color=#11b3ff>正常</font>
%%blk_7427307448707327249,"0,3,1,15,3,0,0","0,3,0,3,0,0,0","0,0,0,0,0,0,3",<font color=#ff7a2e>异常</font>
%%blk_2912732363095595893,"0,3,1,15,3,0,0","0,3,0,3,0,0,0","0,0,0,0,0,0,3",<font color=#11b3ff>正常</font>
%%blk_-4190491243436026170,"0,3,1,15,3,0,0","0,3,0,3,0,0,0","0,0,0,0,0,0,3",<font color=#11b3ff>正常</font>
%%blk_-4667470578821022066,"0,3,1,15,3,0,0","0,3,0,3,0,0,0","0,0,0,0,0,0,3",<font color=#11b3ff>正常</font>
%%blk_-8054782785917830420,"0,3,1,15,3,0,0","0,3,0,3,0,0,0","0,0,0,0,0,0,3",<font color=#11b3ff>正常</font>
%%blk_-8091841062813936618,"0,3,1,15,3,0,0","0,3,0,3,0,0,0","0,0,0,0,0,0,3",<font color=#11b3ff>正常</font>
%%blk_9210346052555304090,"0,3,1,15,3,0,0","0,3,0,3,0,0,0","0,0,0,0,0,0,3",<font color=#11b3ff>正常</font>
%%blk_202536106610432362,"0,3,1,15,3,0,0","0,3,0,3,0,0,0","0,0,0,0,0,0,3",<font color=#11b3ff>正常</font>
%%blk_-2869299916035182755,"0,3,1,15,3,0,0","0,3,0,3,0,0,0","0,0,0,0,0,0,3",<font color=#11b3ff>正常</font>
%%blk_-4430564173662960642,"0,3,1,15,3,0,0","0,3,0,3,0,0,0","0,0,0,0,0,0,3",<font color=#11b3ff>正常</font>
%%blk_-6586753944835843334,"0,3,1,15,3,0,0","0,3,0,3,0,0,0","0,0,0,0,0,0,3",<font color=#11b3ff>正常</font>
%%blk_-6879190567969332918,"0,3,1,15,3,0,0","0,3,0,3,0,0,0","0,0,0,0,0,0,3",<font color=#11b3ff>正常</font>
%%blk_-6931080266317198977,"0,3,1,15,3,0,0","0,3,0,3,0,0,0","0,0,0,0,0,0,3",<font color=#11b3ff>正常</font>
%%blk_7352609810175565501,"0,3,1,15,3,0,0","0,3,0,3,0,0,0","0,0,0,0,0,0,3",<font color=#11b3ff>正常</font>
%%blk_-859705208416062320,"0,3,1,15,3,0,0","0,3,0,3,0,0,0","0,0,0,0,0,0,3",<font color=#11b3ff>正常</font>
%%blk_1404945464756167309,"0,3,1,15,3,0,0","0,3,0,3,0,0,0","0,0,0,0,0,0,3",<font color=#11b3ff>正常</font>
%%blk_1448813076571847187,"0,3,1,15,3,0,0","0,3,0,3,0,0,0","0,0,0,0,0,0,3",<font color=#11b3ff>正常</font>
%%blk_1912523661436659100,"0,3,1,15,3,0,0","0,3,0,3,0,0,0","0,0,0,0,0,0,3",<font color=#11b3ff>正常</font>
%%blk_2347008916727134499,"0,3,1,15,3,0,0","0,3,0,3,0,0,0","0,0,0,0,0,0,3",<font color=#11b3ff>正常</font>
%%blk_3508011185486088738,"0,3,1,15,3,0,0","0,3,0,3,0,0,0","0,0,0,0,0,0,3",<font color=#11b3ff>正常</font>
%%blk_3880327230518840131,"0,3,1,15,3,0,0","0,3,0,3,0,0,0","0,0,0,0,0,0,3",<font color=#11b3ff>正常</font>
%%blk_3972287319691001044,"0,3,1,15,3,0,0","0,3,0,3,0,0,0","0,0,0,0,0,0,3",<font color=#ff7a2e>异常</font>
%%blk_-4770972463483766707,"0,3,1,15,3,0,0","0,3,0,3,0,0,0","0,0,0,0,0,0,3",<font color=#11b3ff>正常</font>
%%blk_-6125125239494402092,"0,3,1,15,3,0,0","0,3,0,3,0,0,0","0,0,0,0,0,0,3",<font color=#11b3ff>正常</font>
%%blk_8059760933250408909,"0,3,1,15,3,0,0","0,3,0,3,0,0,0","0,0,0,0,0,0,3",<font color=#11b3ff>正常</font>
%%blk_966870748231287658,"0,3,1,15,3,0,0","0,3,0,3,0,0,0","0,0,0,0,0,0,3",<font color=#11b3ff>正常</font>
%%blk_1279101103527882599,"0,3,1,15,3,0,0","0,3,0,3,0,0,0","0,0,0,0,0,0,3",<font color=#11b3ff>正常</font>
%%blk_-2598897828182146855,"0,3,1,15,3,0,0","0,3,0,3,0,0,0","0,0,0,0,0,0,3",<font color=#11b3ff>正常</font>
%%blk_3341600009111698611,"0,3,1,15,3,0,0","0,3,0,3,0,0,0","0,0,0,0,0,0,3",<font color=#11b3ff>正常</font>
%%blk_-4002888391906787542,"0,3,1,15,3,0,0","0,3,0,3,0,0,0","0,0,0,0,0,0,3",<font color=#11b3ff>正常</font>
%%blk_4386079411548040260,"0,3,1,15,3,0,0","0,3,0,3,0,0,0","0,0,0,0,0,0,3",<font color=#11b3ff>正常</font>
%%blk_4675103097330094461,"0,3,1,15,3,0,0","0,3,0,3,0,0,0","0,0,0,0,0,0,3",<font color=#11b3ff>正常</font>
%%blk_5488900529276086615,"0,3,1,15,3,0,0","0,3,0,3,0,0,0","0,0,0,0,0,0,3",<font color=#11b3ff>正常</font>
%%blk_-7518315834509097389,"0,3,1,15,3,0,0","0,3,0,3,0,0,0","0,0,0,0,0,0,3",<font color=#11b3ff>正常</font>
%%blk_855704723224540977,"0,3,1,15,3,0,0","0,3,0,3,0,0,0","0,0,0,0,0,0,3",<font color=#11b3ff>正常</font>
%%blk_1640563687655694592,"0,3,1,15,3,0,0","0,3,0,3,0,0,0","0,0,0,0,0,0,3",<font color=#ff7a2e>异常</font>
%%blk_-7851573941192785283,"0,3,1,15,3,0,0","0,3,0,3,0,0,0","0,0,0,0,0,0,3",<font color=#11b3ff>正常</font>
%%blk_-2947515393396507971,"0,3,1,15,3,0,0","0,3,0,3,0,0,0","0,0,0,0,0,0,3",<font color=#11b3ff>正常</font>
%%blk_3522654861930890662,"0,3,1,15,3,0,0","0,3,0,3,0,0,0","0,0,0,0,0,0,3",<font color=#11b3ff>正常</font>
%%blk_-4673142718163027981,"0,3,1,15,3,0,0","0,3,0,3,0,0,0","0,0,0,0,0,0,3",<font color=#11b3ff>正常</font>
%%blk_-7660193828821971101,"0,3,1,15,3,0,0","0,3,0,3,0,0,0","0,0,0,0,0,0,3",<font color=#ff7a2e>异常</font>
%%blk_-9166492953238830125,"0,3,1,15,3,0,0","0,3,0,3,0,0,0","0,0,0,0,0,0,3",<font color=#11b3ff>正常</font>
%%blk_2689014683808259029,"0,3,1,15,3,0,0","0,3,0,3,0,0,0","0,0,0,0,0,0,3",<font color=#11b3ff>正常</font>
%%blk_-2973260837493784784,"0,3,1,15,3,0,0","0,3,0,3,0,0,0","0,0,0,0,0,0,3",<font color=#11b3ff>正常</font>
%%blk_3909865472571090536,"0,2,1,15,3,0,0","0,3,0,3,0,0,0","0,0,0,0,0,0,3",<font color=#11b3ff>正常</font>
%%blk_-859147788836187186,"0,3,1,15,3,0,0","0,3,0,3,0,0,0","0,0,0,0,0,0,3",<font color=#11b3ff>正常</font>
%%blk_-4393655256228529026,"0,3,1,15,3,0,0","0,3,0,3,0,0,0","0,0,0,0,0,0,3",<font color=#11b3ff>正常</font>
%%blk_-5114249203202400596,"0,3,1,15,3,0,0","0,3,0,3,0,0,0","0,0,0,0,0,0,3",<font color=#11b3ff>正常</font>
%%blk_-546318595782592836,"0,3,1,15,3,0,0","0,3,0,3,0,0,0","0,0,0,0,0,0,3",<font color=#11b3ff>正常</font>
%%blk_3363069898317139269,"0,3,1,15,3,0,0","0,3,0,3,0,0,0","0,0,0,0,0,0,3",<font color=#11b3ff>正常</font>
%%blk_8573973636575611103,"0,3,1,15,3,0,0","0,3,0,3,0,0,0","0,0,0,0,0,0,3",<font color=#11b3ff>正常</font>
%%blk_-3758406899752824535,"0,3,1,15,3,0,0","0,3,0,3,0,0,0","0,0,0,0,0,0,3",<font color=#11b3ff>正常</font>
%%blk_38865049064139660,"0,3,1,15,3,0,0","0,3,0,3,0,0,0","0,0,0,0,0,0,3",<font color=#11b3ff>正常</font>
%%blk_-4229931861869531048,"0,3,1,15,3,0,0","0,3,0,3,0,0,0","0,0,0,0,0,0,3",<font color=#11b3ff>正常</font>
%%blk_-1626340715627889482,"0,3,1,15,3,0,0","0,3,0,3,0,0,0","0,0,0,0,0,0,3",<font color=#11b3ff>正常</font>
%%blk_2221775105544933826,"0,3,1,15,3,0,0","0,3,0,3,0,0,0","0,0,0,0,0,0,3",<font color=#11b3ff>正常</font>
%%blk_4737741713837408345,"0,3,1,15,3,0,0","0,3,0,3,0,0,0","0,0,0,0,0,0,3",<font color=#11b3ff>正常</font>
%%blk_-5950249832413179417,"0,3,1,15,3,0,0","0,3,0,3,0,0,0","0,0,0,0,0,0,3",<font color=#11b3ff>正常</font>
%%blk_-8420426811026669438,"0,3,1,15,3,0,0","0,3,0,3,0,0,0","0,0,0,0,0,0,3",<font color=#11b3ff>正常</font>
%%blk_-1470784088028862059,"0,3,1,15,3,0,0","0,3,0,3,0,0,0","0,0,0,0,0,0,3",<font color=#11b3ff>正常</font>
%%blk_2366822833609442341,"0,3,1,15,3,0,0","0,3,0,3,0,0,0","0,0,0,0,0,0,3",<font color=#11b3ff>正常</font>
%%blk_-2917825689581470793,"0,3,1,15,3,0,0","0,3,0,3,0,0,0","0,0,0,0,0,0,3",<font color=#11b3ff>正常</font>
%%blk_-4046605047697127122,"0,3,1,15,3,0,0","0,3,0,3,0,0,0","0,0,0,0,0,0,3",<font color=#11b3ff>正常</font>
%%blk_-5584251724032983856,"0,3,1,15,3,0,0","0,3,0,3,0,0,0","0,0,0,0,0,0,3",<font color=#11b3ff>正常</font>
%%blk_6021477756386488418,"0,3,1,15,3,0,0","0,3,0,3,0,0,0","0,0,0,0,0,0,3",<font color=#11b3ff>正常</font>
%%blk_7268266957111394674,"0,3,1,15,3,0,0","0,3,0,3,0,0,0","0,0,0,0,0,0,3",<font color=#11b3ff>正常</font>
%%blk_8814359467727556626,"0,3,1,15,3,0,0","0,3,0,3,0,0,0","0,0,0,0,0,0,3",<font color=#11b3ff>正常</font>
%%blk_-1700929423419481113,"0,3,1,15,3,0,0","0,3,0,3,0,0,0","0,0,0,0,0,0,3",<font color=#ff7a2e>异常</font>
%%blk_-2622300918011411840,"0,3,1,15,3,0,0","0,3,0,3,0,0,0","0,0,0,0,0,0,3",<font color=#11b3ff>正常</font>
%%blk_3152503487390436165,"0,3,1,15,3,0,0","0,3,0,3,0,0,0","0,0,0,0,0,0,3",<font color=#11b3ff>正常</font>
%%blk_-4365681458226063681,"0,3,1,15,3,0,0","0,3,0,3,0,0,0","0,0,0,0,0,0,3",<font color=#11b3ff>正常</font>
%%blk_-5912999755522282446,"0,2,1,15,3,0,0","0,3,0,3,0,0,0","0,0,0,0,0,0,3",<font color=#11b3ff>正常</font>
%%blk_-7559008592818043090,"0,3,1,15,3,0,0","0,3,0,3,0,0,0","0,0,0,0,0,0,3",<font color=#11b3ff>正常</font>
%%blk_-8588230903310885315,"0,3,1,15,3,0,0","0,3,0,3,0,0,0","0,0,0,0,0,0,3",<font color=#11b3ff>正常</font>
%%blk_9125494407446525156,"0,3,1,15,3,0,0","0,3,0,3,0,0,0","0,0,0,0,0,0,3",<font color=#11b3ff>正常</font>
%%blk_2619290546489140930,"0,3,1,15,3,0,0","0,3,0,3,0,0,0","0,0,0,0,0,0,3",<font color=#11b3ff>正常</font>
%%blk_-3283849791137044034,"0,3,1,15,3,0,0","0,3,0,3,0,0,0","0,0,0,0,0,0,3",<font color=#11b3ff>正常</font>
%%blk_-7686748181966193443,"0,3,1,15,3,0,0","0,3,0,3,0,0,0","0,0,0,0,0,0,3",<font color=#11b3ff>正常</font>
%%blk_-1916058035352472789,"0,3,1,15,3,0,0","0,3,0,3,0,0,0","0,0,0,0,0,0,3",<font color=#11b3ff>正常</font>
%%blk_-2278104779962392523,"0,3,1,15,3,0,0","0,3,0,3,0,0,0","0,0,0,0,0,0,3",<font color=#ff7a2e>异常</font>
%%blk_-3193540685585849952,"0,3,1,15,3,0,0","0,3,0,3,0,0,0","0,0,0,0,0,0,3",<font color=#11b3ff>正常</font>
%%blk_4931832500563355889,"0,3,1,15,3,0,0","0,3,0,3,0,0,0","0,0,0,0,0,0,3",<font color=#11b3ff>正常</font>
%%blk_5133892961859808126,"0,3,1,15,3,0,0","0,3,0,3,0,0,0","0,0,0,0,0,0,3",<font color=#11b3ff>正常</font>
%%blk_-1052739769153545987,"0,2,1,15,3,0,0","0,3,0,3,0,0,0","0,0,0,0,0,0,3",<font color=#11b3ff>正常</font>
%%blk_4151093570962084251,"0,3,1,15,3,0,0","0,3,0,3,0,0,0","0,0,0,0,0,0,3",<font color=#11b3ff>正常</font>
%%blk_6717969265771639561,"0,3,1,15,3,0,0","0,3,0,3,0,0,0","0,0,0,0,0,0,3",<font color=#ff7a2e>异常</font>
%%blk_-4236464647074379160,"0,3,1,15,3,0,0","0,3,0,3,0,0,0","0,0,0,0,0,0,3",<font color=#11b3ff>正常</font>
%%blk_-2498004188306609167,"0,3,1,15,3,0,0","0,3,0,3,0,0,0","0,0,0,0,0,0,3",<font color=#11b3ff>正常</font>
%%blk_5636792039332085446,"0,3,1,15,3,0,0","0,3,0,3,0,0,0","0,0,0,0,0,0,3",<font color=#11b3ff>正常</font>
%%blk_-7185891569842971867,"0,3,1,15,3,0,0","0,3,0,3,0,0,0","0,0,0,0,0,0,3",<font color=#11b3ff>正常</font>
%%blk_2583366788302307794,"0,3,1,15,3,0,0","0,3,0,3,0,0,0","0,0,0,0,0,0,3",<font color=#11b3ff>正常</font>
%%blk_-4026330115303607086,"0,3,1,15,3,0,0","0,3,0,3,0,0,0","0,0,0,0,0,0,3",<font color=#11b3ff>正常</font>
%%blk_-1577830978049349432,"0,3,1,15,3,0,0","0,3,0,3,0,0,0","0,0,0,0,0,0,3",<font color=#11b3ff>正常</font>
%%blk_6420476111425645508,"0,3,1,15,3,0,0","0,3,0,3,0,0,0","0,0,0,0,0,0,3",<font color=#11b3ff>正常</font>
%%blk_377236923047456543,"0,3,1,15,3,0,0","0,3,0,3,0,0,0","0,0,0,0,0,0,3",<font color=#11b3ff>正常</font>
%%blk_8223024669447846632,"0,3,1,15,3,0,0","0,3,0,3,0,0,0","0,0,0,0,0,0,3",<font color=#11b3ff>正常</font>
%%blk_4058804987355354315,"0,3,1,15,3,0,0","0,3,0,3,0,0,0","0,0,0,0,0,0,3",<font color=#11b3ff>正常</font>
%%blk_4856031730010032819,"0,3,1,15,3,0,0","0,3,0,3,0,0,0","0,0,0,0,0,0,3",<font color=#11b3ff>正常</font>
%%blk_-6339417867119146108,"0,3,1,15,3,0,0","0,3,0,3,0,0,0","0,0,0,0,0,0,3",<font color=#11b3ff>正常</font>
%%blk_-6714222090039882252,"0,3,1,15,3,0,0","0,3,0,3,0,0,0","0,0,0,0,0,0,3",<font color=#ff7a2e>异常</font>
%%blk_4031055865781150544,"0,3,1,15,3,0,0","0,3,0,3,0,0,0","0,0,0,0,0,0,3",<font color=#11b3ff>正常</font>
%%blk_8725561728667995755,"0,3,1,15,3,0,0","0,3,0,3,0,0,0","0,0,0,0,0,0,3",<font color=#11b3ff>正常</font>
%%blk_-9084956447070300510,"0,3,1,15,3,0,0","0,3,0,3,0,0,0","0,0,0,0,0,0,3",<font color=#11b3ff>正常</font>
%%blk_-8048421706779991679,"0,3,1,15,3,0,0","0,3,0,3,0,0,0","0,0,0,0,0,0,3",<font color=#11b3ff>正常</font>
%%blk_-4525470997464616220,"0,3,1,15,3,0,0","0,3,0,3,0,0,0","0,0,0,0,0,0,3",<font color=#11b3ff>正常</font>
%%blk_872694497849122755,"0,3,1,15,3,0,0","0,3,0,3,0,0,0","0,0,0,0,0,0,3",<font color=#11b3ff>正常</font>
%%blk_-5170072115129389871,"0,3,1,15,3,0,0","0,3,0,3,0,0,0","0,0,0,0,0,0,3",<font color=#11b3ff>正常</font>
%%blk_-5493359978973542887,"0,3,1,15,3,0,0","0,3,0,3,0,0,0","0,0,0,0,0,0,3",<font color=#11b3ff>正常</font>
%%blk_-8162512552777886199,"0,3,1,15,3,0,0","0,3,0,3,0,0,0","0,0,0,0,0,0,3",<font color=#11b3ff>正常</font>
%%blk_1185079144408607775,"0,3,1,15,3,0,0","0,3,0,3,0,0,0","0,0,0,0,0,0,3",<font color=#11b3ff>正常</font>
%%blk_-6852866038059123001,"0,3,1,15,3,0,0","0,3,0,3,0,0,0","0,0,0,0,0,0,3",<font color=#11b3ff>正常</font>
%%blk_6578809109018330119,"0,3,1,15,3,0,0","0,3,0,3,0,0,0","0,0,0,0,0,0,3",<font color=#11b3ff>正常</font>
%%blk_-7130787197300034964,"0,3,1,15,3,0,0","0,3,0,3,0,0,0","0,0,0,0,0,0,3",<font color=#11b3ff>正常</font>
%%blk_2657254091763574664,"0,3,1,15,3,0,0","0,3,0,3,0,0,0","0,0,0,0,0,0,3",<font color=#11b3ff>正常</font>
%%blk_3091099087150179177,"0,3,1,15,3,0,0","0,3,0,3,0,0,0","0,0,0,0,0,0,3",<font color=#ff7a2e>异常</font>
%%blk_4623571410782847630,"0,3,1,15,3,0,0","0,3,0,3,0,0,0","0,0,0,0,0,0,3",<font color=#11b3ff>正常</font>
%%blk_-568941302732430172,"0,3,1,15,3,0,0","0,3,0,3,0,0,0","0,0,0,0,0,0,3",<font color=#ff7a2e>异常</font>
%%blk_2404342940449629715,"0,3,1,15,3,0,0","0,3,0,3,0,0,0","0,0,0,0,0,0,3",<font color=#11b3ff>正常</font>
%%blk_-5414183895914433338,"0,3,1,15,3,0,0","0,3,0,3,0,0,0","0,0,0,0,0,0,3",<font color=#11b3ff>正常</font>
%%blk_613065710451569222,"0,3,1,15,3,0,0","0,3,0,3,0,0,0","0,0,0,0,0,0,3",<font color=#11b3ff>正常</font>
%%blk_-67977319704233769,"0,3,1,15,3,0,0","0,3,0,3,0,0,0","0,0,0,0,0,0,3",<font color=#11b3ff>正常</font>
%%blk_-8694359045337946818,"0,3,1,15,3,0,0","0,3,0,3,0,0,0","0,0,0,0,0,0,3",<font color=#11b3ff>正常</font>
%%blk_24847521761041757,"0,3,1,15,3,0,0","0,3,0,3,0,0,0","0,0,0,0,0,0,3",<font color=#11b3ff>正常</font>
%%blk_-3238412011236244640,"0,3,1,15,3,0,0","0,3,0,3,0,0,0","0,0,0,0,0,0,3",<font color=#11b3ff>正常</font>
%%blk_-1121030458003600251,"0,3,1,15,3,0,0","0,3,0,3,0,0,0","0,0,0,0,0,0,3",<font color=#11b3ff>正常</font>
%%blk_-6827329558602881823,"0,3,1,15,3,0,0","0,3,0,3,0,0,0","0,0,0,0,0,0,3",<font color=#11b3ff>正常</font>
%%blk_7132759917805418067,"0,3,1,15,3,0,0","0,3,0,3,0,0,0","0,0,0,0,0,0,3",<font color=#11b3ff>正常</font>
%%blk_7392010738495470190,"0,3,1,15,3,0,0","0,3,0,3,0,0,0","0,0,0,0,0,0,3",<font color=#11b3ff>正常</font>
%%blk_8055148678985254863,"0,3,1,15,3,0,0","0,3,0,3,0,0,0","0,0,0,0,0,0,3",<font color=#11b3ff>正常</font>
%%blk_-3520428728308625709,"0,3,1,15,3,0,0","0,3,0,3,0,0,0","0,0,0,0,0,0,3",<font color=#11b3ff>正常</font>
%%blk_6986538622634403948,"0,3,1,15,3,0,0","0,3,0,3,0,0,0","0,0,0,0,0,0,3",<font color=#11b3ff>正常</font>
%%blk_-6035208985581955117,"0,3,1,15,3,0,0","0,3,0,3,0,0,0","0,0,0,0,0,0,3",<font color=#11b3ff>正常</font>
%%blk_6678472565712118087,"0,2,1,15,3,0,0","0,3,0,3,0,0,0","0,0,0,0,0,0,3",<font color=#11b3ff>正常</font>
%%blk_7573381576932599374,"0,3,1,15,3,0,0","0,3,0,3,0,0,0","0,0,0,0,0,0,3",<font color=#11b3ff>正常</font>
%%blk_197214010584922120,"0,3,1,15,3,0,0","0,3,0,3,0,0,0","0,0,0,0,0,0,3",<font color=#11b3ff>正常</font>
%%blk_-3253829104116368139,"0,3,1,15,3,0,0","0,3,0,3,0,0,0","0,0,0,0,0,0,3",<font color=#ff7a2e>异常</font>
%%blk_-3443869707407490925,"0,3,1,15,3,0,0","0,3,0,3,0,0,0","0,0,0,0,0,0,3",<font color=#11b3ff>正常</font>
%%blk_-7689031213313245416,"0,3,1,15,3,0,0","0,3,0,3,0,0,0","0,0,0,0,0,0,3",<font color=#11b3ff>正常</font>
%%blk_3773669678166680940,"0,3,1,15,3,0,0","0,3,0,3,0,0,0","0,0,0,0,0,0,3",<font color=#ff7a2e>异常</font>
%%blk_841265344082922041,"0,3,1,15,3,0,0","0,3,0,3,0,0,0","0,0,0,0,0,0,3",<font color=#11b3ff>正常</font>
%%blk_3488190436389958215,"0,3,1,15,3,0,0","0,3,0,3,0,0,0","0,0,0,0,0,0,3",<font color=#11b3ff>正常</font>
%%blk_-5358363415355511925,"0,3,1,15,3,0,0","0,3,0,3,0,0,0","0,0,0,0,0,0,3",<font color=#11b3ff>正常</font>
%%blk_5274692881287326658,"0,3,1,15,3,0,0","0,3,0,3,0,0,0","0,0,0,0,0,0,3",<font color=#11b3ff>正常</font>
%%blk_-2573988170548478524,"0,3,1,15,3,0,0","0,3,0,3,0,0,0","0,0,0,0,0,0,3",<font color=#11b3ff>正常</font>
%%blk_-5175722170941249815,"0,3,1,15,3,0,0","0,3,0,3,0,0,0","0,0,0,0,0,0,3",<font color=#11b3ff>正常</font>
%%blk_2646137657036117634,"0,3,1,15,3,0,0","0,3,0,3,0,0,0","0,0,0,0,0,0,3",<font color=#11b3ff>正常</font>
%%blk_-6232712486646639079,"0,3,1,15,3,0,0","0,3,0,3,0,0,0","0,0,0,0,0,0,3",<font color=#11b3ff>正常</font>
%%blk_-7232800529359257484,"0,3,1,15,3,0,0","0,3,0,3,0,0,0","0,0,0,0,0,0,3",<font color=#11b3ff>正常</font>
%%blk_2585807940696131461,"0,3,1,15,3,0,0","0,3,0,3,0,0,0","0,0,0,0,0,0,3",<font color=#11b3ff>正常</font>
%%blk_-7486457612086258197,"0,3,1,15,3,0,0","0,3,0,3,0,0,0","0,0,0,0,0,0,3",<font color=#11b3ff>正常</font>
%%blk_1732876454483854279,"0,3,1,15,3,0,0","0,3,0,3,0,0,0","0,0,0,0,0,0,3",<font color=#11b3ff>正常</font>
%%blk_3294295097158489623,"0,3,1,15,3,0,0","0,3,0,3,0,0,0","0,0,0,0,0,0,3",<font color=#11b3ff>正常</font>
%%blk_-6511728007995801856,"0,3,1,15,3,0,0","0,3,0,3,0,0,0","0,0,0,0,0,0,3",<font color=#11b3ff>正常</font>
%%blk_3953559589275347835,"0,3,1,15,3,0,0","0,3,0,3,0,0,0","0,0,0,0,0,0,3",<font color=#11b3ff>正常</font>
%%blk_-463158400553007438,"0,3,1,15,3,0,0","0,3,0,3,0,0,0","0,0,0,0,0,0,3",<font color=#11b3ff>正常</font>
%%blk_5614249702379360530,"0,3,1,15,3,0,0","0,3,0,3,0,0,0","0,0,0,0,0,0,3",<font color=#11b3ff>正常</font>
%%blk_38171424126089923,"0,3,1,15,3,0,0","0,3,0,3,0,0,0","0,0,0,0,0,0,3",<font color=#11b3ff>正常</font>
%%blk_-7532913187987519950,"0,3,1,15,3,0,0","0,3,0,3,0,0,0","0,0,0,0,0,0,3",<font color=#11b3ff>正常</font>
%%blk_-3318642146574997320,"0,3,1,15,3,0,0","0,3,0,3,0,0,0","0,0,0,0,0,0,3",<font color=#ff7a2e>异常</font>
%%blk_-6054385392244792487,"0,3,1,15,3,0,0","0,3,0,3,0,0,0","0,0,0,0,0,0,3",<font color=#ff7a2e>异常</font>
%%blk_-7545473931084004681,"0,3,1,15,3,0,0","0,3,0,3,0,0,0","0,0,0,0,0,0,3",<font color=#11b3ff>正常</font>
%%blk_-237744713088101845,"0,3,1,15,3,0,0","0,3,0,3,0,0,0","0,0,0,0,0,0,3",<font color=#11b3ff>正常</font>
%%blk_541458502420960920,"0,3,1,15,3,0,0","0,3,0,3,0,0,0","0,0,0,0,0,0,3",<font color=#11b3ff>正常</font>
%%blk_-7565306891743376805,"0,3,1,15,3,0,0","0,3,0,3,0,0,0","0,0,0,0,0,0,3",<font color=#11b3ff>正常</font>
%%blk_8465769948419925967,"0,3,1,15,3,0,0","0,3,0,3,0,0,0","0,0,0,0,0,0,3",<font color=#11b3ff>正常</font>
%%blk_1367870633219053668,"0,3,1,15,3,0,0","0,3,0,3,0,0,0","0,0,0,0,0,0,3",<font color=#11b3ff>正常</font>
%%blk_-3572954475094555028,"0,3,1,15,3,0,0","0,3,0,3,0,0,0","0,0,0,0,0,0,3",<font color=#ff7a2e>异常</font>
%%blk_2455917203220074754,"0,3,1,15,3,0,0","0,3,0,3,0,0,0","0,0,0,0,0,0,3",<font color=#11b3ff>正常</font>
%%blk_-5472366049560759167,"0,3,1,15,3,0,0","0,3,0,3,0,0,0","0,0,0,0,0,0,3",<font color=#ff7a2e>异常</font>
%%blk_-2449017855856764848,"0,3,1,15,3,0,0","0,3,0,3,0,0,0","0,0,0,0,0,0,3",<font color=#11b3ff>正常</font>
%%blk_-906929634502249537,"0,3,1,15,3,0,0","0,3,0,3,0,0,0","0,0,0,0,0,0,3",<font color=#11b3ff>正常</font>
%%blk_981612145312864885,"0,3,1,15,3,0,0","0,3,0,3,0,0,0","0,0,0,0,0,0,3",<font color=#11b3ff>正常</font>
%%blk_1383479986546835007,"0,3,1,15,3,0,0","0,3,0,3,0,0,0","0,0,0,0,0,0,3",<font color=#11b3ff>正常</font>
%%blk_1585681987211758961,"0,3,1,15,3,0,0","0,3,0,3,0,0,0","0,0,0,0,0,0,3",<font color=#11b3ff>正常</font>
%%blk_5678512043430077200,"0,3,1,15,3,0,0","0,3,0,3,0,0,0","0,0,0,0,0,0,3",<font color=#11b3ff>正常</font>
%%blk_3093569883558689157,"0,3,1,15,3,0,0","0,3,0,3,0,0,0","0,0,0,0,0,0,3",<font color=#11b3ff>正常</font>
%%blk_4083337788449963064,"0,3,1,15,3,0,0","0,3,0,3,0,0,0","0,0,0,0,0,0,3",<font color=#11b3ff>正常</font>
%%blk_-4916781897012753844,"0,3,1,15,3,0,0","0,3,0,3,0,0,0","0,0,0,0,0,0,3",<font color=#11b3ff>正常</font>
%%blk_7251107390153250071,"0,3,1,15,3,0,0","0,3,0,3,0,0,0","0,0,0,0,0,0,3",<font color=#11b3ff>正常</font>
%%blk_7916151846227308238,"0,3,1,15,3,0,0","0,3,0,3,0,0,0","0,0,0,0,0,0,3",<font color=#11b3ff>正常</font>
%%blk_-5671895892153119162,"0,3,1,15,3,0,0","0,3,0,3,0,0,0","0,0,0,0,0,0,3",<font color=#11b3ff>正常</font>
%%blk_-669219608853085168,"0,3,1,15,3,0,0","0,3,0,3,0,0,0","0,0,0,0,0,0,3",<font color=#11b3ff>正常</font>
%%blk_2044409903741578562,"0,3,1,15,3,0,0","0,3,0,3,0,0,0","0,0,0,0,0,0,3",<font color=#11b3ff>正常</font>
%%blk_2327492205667109903,"0,3,1,15,3,0,0","0,3,0,3,0,0,0","0,0,0,0,0,0,3",<font color=#11b3ff>正常</font>
%%blk_4036267293724823480,"0,3,1,15,3,0,0","0,3,0,3,0,0,0","0,0,0,0,0,0,3",<font color=#11b3ff>正常</font>
%%blk_6055889596475060317,"0,3,1,15,3,0,0","0,3,0,3,0,0,0","0,0,0,0,0,0,3",<font color=#11b3ff>正常</font>
%%blk_3878871310819862093,"0,3,1,15,3,0,0","0,3,0,3,0,0,0","0,0,0,0,0,0,3",<font color=#ff7a2e>异常</font>
%%blk_-2667064017324592326,"0,3,1,15,3,0,0","0,3,0,3,0,0,0","0,0,0,0,0,0,3",<font color=#ff7a2e>异常</font>
%%blk_8518644188978882261,"0,3,1,15,3,0,0","0,3,0,3,0,0,0","0,0,0,0,0,0,3",<font color=#11b3ff>正常</font>
%%blk_8155607960458082281,"0,3,1,15,3,0,0","0,3,0,3,0,0,0","0,0,0,0,0,0,3",<font color=#11b3ff>正常</font>
%%blk_2163147564840591022,"0,3,1,15,3,0,0","0,3,0,3,0,0,0","0,0,0,0,0,0,3",<font color=#11b3ff>正常</font>
%%blk_6525645224298470536,"0,3,1,15,3,0,0","0,3,0,3,0,0,0","0,0,0,0,0,0,3",<font color=#11b3ff>正常</font>
%%blk_4289625875479909480,"0,3,1,15,3,0,0","0,3,0,3,0,0,0","0,0,0,0,0,0,3",<font color=#11b3ff>正常</font>
%%blk_3239380279521454817,"0,3,1,15,3,0,0","0,3,0,3,0,0,0","0,0,0,0,0,0,3",<font color=#11b3ff>正常</font>
%%blk_-2870732575704612495,"0,3,1,15,3,0,0","0,3,0,3,0,0,0","0,0,0,0,0,0,3",<font color=#11b3ff>正常</font>
%%blk_6121212718624278543,"0,3,1,15,3,0,0","0,3,0,3,0,0,0","0,0,0,0,0,0,3",<font color=#11b3ff>正常</font>
%%blk_-3407920531979306897,"0,3,1,15,3,0,0","0,3,0,3,0,0,0","0,0,0,0,0,0,3",<font color=#11b3ff>正常</font>
%%blk_-6795505241391858229,"0,3,1,15,3,0,0","0,3,0,3,0,0,0","0,0,0,0,0,0,3",<font color=#11b3ff>正常</font>
%%blk_7182298358730791197,"0,3,1,15,3,0,0","0,3,0,3,0,0,0","0,0,0,0,0,0,3",<font color=#11b3ff>正常</font>
%%blk_-5584875496006139565,"0,3,1,15,3,0,0","0,3,0,3,0,0,0","0,0,0,0,0,0,3",<font color=#11b3ff>正常</font>
%%blk_-2864044183052157382,"0,3,1,15,3,0,0","0,3,0,3,0,0,0","0,0,0,0,0,0,3",<font color=#11b3ff>正常</font>
%%blk_3043753876829603164,"0,3,1,15,3,0,0","0,3,0,3,0,0,0","0,0,0,0,0,0,3",<font color=#ff7a2e>异常</font>
%%blk_-1268704127005579599,"0,3,1,15,3,0,0","0,3,0,3,0,0,0","0,0,0,0,0,0,3",<font color=#11b3ff>正常</font>
%%blk_2931242832797339515,"0,3,1,15,3,0,0","0,3,0,3,0,0,0","0,0,0,0,0,0,3",<font color=#11b3ff>正常</font>
%%blk_-3901171193985872487,"0,3,1,15,3,0,0","0,3,0,3,0,0,0","0,0,0,0,0,0,3",<font color=#11b3ff>正常</font>
%%blk_4082071052002133707,"0,3,1,15,3,0,0","0,3,0,3,0,0,0","0,0,0,0,0,0,3",<font color=#11b3ff>正常</font>
%%blk_-3534835244149147539,"0,3,1,15,3,0,0","0,3,0,3,0,0,0","0,0,0,0,0,0,3",<font color=#ff7a2e>异常</font>
%%blk_-3616976684127351139,"0,3,1,15,3,0,0","0,3,0,3,0,0,0","0,0,0,0,0,0,3",<font color=#11b3ff>正常</font>
%%blk_4712938983108943253,"0,3,1,15,3,0,0","0,3,0,3,0,0,0","0,0,0,0,0,0,3",<font color=#11b3ff>正常</font>
%%blk_-8144145466118512432,"0,3,1,15,3,0,0","0,3,0,3,0,0,0","0,0,0,0,0,0,3",<font color=#11b3ff>正常</font>
%%blk_8294878850903324975,"0,3,1,15,3,0,0","0,3,0,3,0,0,0","0,0,0,0,0,0,3",<font color=#11b3ff>正常</font>
%%blk_-1442035270681298125,"0,3,1,15,3,0,0","0,3,0,3,0,0,0","0,0,0,0,0,0,3",<font color=#11b3ff>正常</font>
%%blk_-4013352108974757296,"0,3,1,15,3,0,0","0,3,0,3,0,0,0","0,0,0,0,0,0,3",<font color=#11b3ff>正常</font>
%%blk_8624561841460699343,"0,3,1,15,3,0,0","0,3,0,3,0,0,0","0,0,0,0,0,0,3",<font color=#11b3ff>正常</font>
%%blk_4139091197886383131,"0,3,1,15,3,0,0","0,3,0,3,0,0,0","0,0,0,0,0,0,3",<font color=#11b3ff>正常</font>
%%blk_8135292087230413975,"0,3,1,15,3,0,0","0,3,0,3,0,0,0","0,0,0,0,0,1,3",<font color=#11b3ff>正常</font>
%%blk_4566277459864535342,"0,3,1,15,3,0,0","0,3,0,3,0,0,0","0,0,0,0,0,0,3",<font color=#11b3ff>正常</font>
%%blk_-7713388298429426884,"0,3,1,15,3,0,0","0,3,0,3,0,0,0","0,0,0,0,0,0,3",<font color=#11b3ff>正常</font>
%%blk_-3046627542547536054,"0,3,1,15,3,0,0","0,3,0,3,0,0,0","0,0,0,0,0,0,3",<font color=#ff7a2e>异常</font>
%%blk_5661848627083847913,"0,3,1,15,3,0,0","0,3,0,3,0,0,0","0,0,0,0,0,0,3",<font color=#11b3ff>正常</font>
