时间戳id,来源,日期,信息,是否异常
<font color=#ff7a2e>1117838570</font>,<font color=#ff7a2e>R02-M1-N0-C:J12-U11</font>,<font color=#ff7a2e>2005-06-03-15.42.50.363779</font>,<font color=#ff7a2e>KERNEL INFO instruction cache parity error corrected</font>,<font color=#ff7a2e>是</font>
<font color=#11b3ff>1117838570</font>,<font color=#11b3ff>R02-M1-N0-C:J12-U11</font>,<font color=#11b3ff>2005-06-03-15.42.50.527847</font>,<font color=#11b3ff>KERNEL INFO instruction cache parity error corrected</font>,<font color=#11b3ff>否</font>
<font color=#11b3ff>1117838570</font>,<font color=#11b3ff>R02-M1-N0-C:J12-U11</font>,<font color=#11b3ff>2005-06-03-15.42.50.675872</font>,<font color=#11b3ff>KERNEL INFO instruction cache parity error corrected</font>,<font color=#11b3ff>否</font>
<font color=#11b3ff>1117838570</font>,<font color=#11b3ff>R02-M1-N0-C:J12-U11</font>,<font color=#11b3ff>2005-06-03-15.42.50.823719</font>,<font color=#11b3ff>KERNEL INFO instruction cache parity error corrected</font>,<font color=#11b3ff>否</font>
<font color=#11b3ff>1117838570</font>,<font color=#11b3ff>R02-M1-N0-C:J12-U11</font>,<font color=#11b3ff>2005-06-03-15.42.50.982731</font>,<font color=#11b3ff>KERNEL INFO instruction cache parity error corrected</font>,<font color=#11b3ff>否</font>
<font color=#11b3ff>1117838571</font>,<font color=#11b3ff>R02-M1-N0-C:J12-U11</font>,<font color=#11b3ff>2005-06-03-15.42.51.131467</font>,<font color=#11b3ff>KERNEL INFO instruction cache parity error corrected</font>,<font color=#11b3ff>否</font>
<font color=#11b3ff>1117838571</font>,<font color=#11b3ff>R02-M1-N0-C:J12-U11</font>,<font color=#11b3ff>2005-06-03-15.42.51.293532</font>,<font color=#11b3ff>KERNEL INFO instruction cache parity error corrected</font>,<font color=#11b3ff>否</font>
<font color=#11b3ff>1117838571</font>,<font color=#11b3ff>R02-M1-N0-C:J12-U11</font>,<font color=#11b3ff>2005-06-03-15.42.51.428563</font>,<font color=#11b3ff>KERNEL INFO instruction cache parity error corrected</font>,<font color=#11b3ff>否</font>
<font color=#ff7a2e>1117838571</font>,<font color=#ff7a2e>R02-M1-N0-C:J12-U11</font>,<font color=#ff7a2e>2005-06-03-15.42.51.601412</font>,<font color=#ff7a2e>KERNEL INFO instruction cache parity error corrected</font>,<font color=#ff7a2e>是</font>
<font color=#11b3ff>1117838571</font>,<font color=#11b3ff>R02-M1-N0-C:J12-U11</font>,<font color=#11b3ff>2005-06-03-15.42.51.749199</font>,<font color=#11b3ff>KERNEL INFO instruction cache parity error corrected</font>,<font color=#11b3ff>否</font>
<font color=#11b3ff>1117838571</font>,<font color=#11b3ff>R02-M1-N0-C:J12-U11</font>,<font color=#11b3ff>2005-06-03-15.42.51.885834</font>,<font color=#11b3ff>KERNEL INFO instruction cache parity error corrected</font>,<font color=#11b3ff>否</font>
<font color=#11b3ff>1117838572</font>,<font color=#11b3ff>R02-M1-N0-C:J12-U11</font>,<font color=#11b3ff>2005-06-03-15.42.52.041388</font>,<font color=#11b3ff>KERNEL INFO instruction cache parity error corrected</font>,<font color=#11b3ff>否</font>
<font color=#11b3ff>1117838572</font>,<font color=#11b3ff>R02-M1-N0-C:J12-U11</font>,<font color=#11b3ff>2005-06-03-15.42.52.199063</font>,<font color=#11b3ff>KERNEL INFO instruction cache parity error corrected</font>,<font color=#11b3ff>否</font>
<font color=#11b3ff>1117838572</font>,<font color=#11b3ff>R02-M1-N0-C:J12-U11</font>,<font color=#11b3ff>2005-06-03-15.42.52.345821</font>,<font color=#11b3ff>KERNEL INFO instruction cache parity error corrected</font>,<font color=#11b3ff>否</font>
<font color=#ff7a2e>1117838572</font>,<font color=#ff7a2e>R02-M1-N0-C:J12-U11</font>,<font color=#ff7a2e>2005-06-03-15.42.52.493353</font>,<font color=#ff7a2e>KERNEL INFO instruction cache parity error corrected</font>,<font color=#ff7a2e>是</font>
<font color=#11b3ff>1117838572</font>,<font color=#11b3ff>R02-M1-N0-C:J12-U11</font>,<font color=#11b3ff>2005-06-03-15.42.52.638135</font>,<font color=#11b3ff>KERNEL INFO instruction cache parity error corrected</font>,<font color=#11b3ff>否</font>
<font color=#11b3ff>1117838572</font>,<font color=#11b3ff>R02-M1-N0-C:J12-U11</font>,<font color=#11b3ff>2005-06-03-15.42.52.807927</font>,<font color=#11b3ff>KERNEL INFO instruction cache parity error corrected</font>,<font color=#11b3ff>否</font>
<font color=#11b3ff>1117838572</font>,<font color=#11b3ff>R02-M1-N0-C:J12-U11</font>,<font color=#11b3ff>2005-06-03-15.42.52.951717</font>,<font color=#11b3ff>KERNEL INFO instruction cache parity error corrected</font>,<font color=#11b3ff>否</font>
<font color=#11b3ff>1117838573</font>,<font color=#11b3ff>R02-M1-N0-C:J12-U11</font>,<font color=#11b3ff>2005-06-03-15.42.53.125780</font>,<font color=#11b3ff>KERNEL INFO instruction cache parity error corrected</font>,<font color=#11b3ff>否</font>
<font color=#11b3ff>1117838573</font>,<font color=#11b3ff>R02-M1-N0-C:J12-U11</font>,<font color=#11b3ff>2005-06-03-15.42.53.276129</font>,<font color=#11b3ff>KERNEL INFO instruction cache parity error corrected</font>,<font color=#11b3ff>否</font>
<font color=#11b3ff>1117838573</font>,<font color=#11b3ff>R02-M1-N0-C:J12-U11</font>,<font color=#11b3ff>2005-06-03-15.42.53.414979</font>,<font color=#11b3ff>KERNEL INFO instruction cache parity error corrected</font>,<font color=#11b3ff>否</font>
<font color=#11b3ff>1117838573</font>,<font color=#11b3ff>R02-M1-N0-C:J12-U11</font>,<font color=#11b3ff>2005-06-03-15.42.53.573391</font>,<font color=#11b3ff>KERNEL INFO instruction cache parity error corrected</font>,<font color=#11b3ff>否</font>
<font color=#11b3ff>1117838573</font>,<font color=#11b3ff>R02-M1-N0-C:J12-U11</font>,<font color=#11b3ff>2005-06-03-15.42.53.722611</font>,<font color=#11b3ff>KERNEL INFO instruction cache parity error corrected</font>,<font color=#11b3ff>否</font>
<font color=#11b3ff>1117838573</font>,<font color=#11b3ff>R02-M1-N0-C:J12-U11</font>,<font color=#11b3ff>2005-06-03-15.42.53.870042</font>,<font color=#11b3ff>KERNEL INFO instruction cache parity error corrected</font>,<font color=#11b3ff>否</font>
<font color=#11b3ff>1117838574</font>,<font color=#11b3ff>R02-M1-N0-C:J12-U11</font>,<font color=#11b3ff>2005-06-03-15.42.54.019446</font>,<font color=#11b3ff>KERNEL INFO instruction cache parity error corrected</font>,<font color=#11b3ff>否</font>
<font color=#11b3ff>1117838574</font>,<font color=#11b3ff>R02-M1-N0-C:J12-U11</font>,<font color=#11b3ff>2005-06-03-15.42.54.161937</font>,<font color=#11b3ff>KERNEL INFO instruction cache parity error corrected</font>,<font color=#11b3ff>否</font>
<font color=#11b3ff>1117838574</font>,<font color=#11b3ff>R02-M1-N0-C:J12-U11</font>,<font color=#11b3ff>2005-06-03-15.42.54.309788</font>,<font color=#11b3ff>KERNEL INFO instruction cache parity error corrected</font>,<font color=#11b3ff>否</font>
<font color=#11b3ff>1117838574</font>,<font color=#11b3ff>R02-M1-N0-C:J12-U11</font>,<font color=#11b3ff>2005-06-03-15.42.54.532078</font>,<font color=#11b3ff>KERNEL INFO instruction cache parity error corrected</font>,<font color=#11b3ff>否</font>
<font color=#11b3ff>1117838574</font>,<font color=#11b3ff>R02-M1-N0-C:J12-U11</font>,<font color=#11b3ff>2005-06-03-15.42.54.672029</font>,<font color=#11b3ff>KERNEL INFO instruction cache parity error corrected</font>,<font color=#11b3ff>否</font>
<font color=#ff7a2e>1117838574</font>,<font color=#ff7a2e>R02-M1-N0-C:J12-U11</font>,<font color=#ff7a2e>2005-06-03-15.42.54.822857</font>,<font color=#ff7a2e>KERNEL INFO instruction cache parity error corrected</font>,<font color=#ff7a2e>是</font>
<font color=#ff7a2e>1117838574</font>,<font color=#ff7a2e>R02-M1-N0-C:J12-U11</font>,<font color=#ff7a2e>2005-06-03-15.42.54.958702</font>,<font color=#ff7a2e>KERNEL INFO instruction cache parity error corrected</font>,<font color=#ff7a2e>是</font>
<font color=#11b3ff>1117838575</font>,<font color=#11b3ff>R02-M1-N0-C:J12-U11</font>,<font color=#11b3ff>2005-06-03-15.42.55.114809</font>,<font color=#11b3ff>KERNEL INFO instruction cache parity error corrected</font>,<font color=#11b3ff>否</font>
<font color=#11b3ff>1117838575</font>,<font color=#11b3ff>R02-M1-N0-C:J12-U11</font>,<font color=#11b3ff>2005-06-03-15.42.55.258578</font>,<font color=#11b3ff>KERNEL INFO instruction cache parity error corrected</font>,<font color=#11b3ff>否</font>
<font color=#11b3ff>1117838575</font>,<font color=#11b3ff>R02-M1-N0-C:J12-U11</font>,<font color=#11b3ff>2005-06-03-15.42.55.401336</font>,<font color=#11b3ff>KERNEL INFO instruction cache parity error corrected</font>,<font color=#11b3ff>否</font>
<font color=#11b3ff>1117838575</font>,<font color=#11b3ff>R02-M1-N0-C:J12-U11</font>,<font color=#11b3ff>2005-06-03-15.42.55.551171</font>,<font color=#11b3ff>KERNEL INFO instruction cache parity error corrected</font>,<font color=#11b3ff>否</font>
<font color=#11b3ff>1117838575</font>,<font color=#11b3ff>R02-M1-N0-C:J12-U11</font>,<font color=#11b3ff>2005-06-03-15.42.55.696784</font>,<font color=#11b3ff>KERNEL INFO instruction cache parity error corrected</font>,<font color=#11b3ff>否</font>
<font color=#11b3ff>1117838575</font>,<font color=#11b3ff>R02-M1-N0-C:J12-U11</font>,<font color=#11b3ff>2005-06-03-15.42.55.841735</font>,<font color=#11b3ff>KERNEL INFO instruction cache parity error corrected</font>,<font color=#11b3ff>否</font>
<font color=#11b3ff>1117838575</font>,<font color=#11b3ff>R02-M1-N0-C:J12-U11</font>,<font color=#11b3ff>2005-06-03-15.42.55.973893</font>,<font color=#11b3ff>KERNEL INFO instruction cache parity error corrected</font>,<font color=#11b3ff>否</font>
<font color=#11b3ff>1117838576</font>,<font color=#11b3ff>R02-M1-N0-C:J12-U11</font>,<font color=#11b3ff>2005-06-03-15.42.56.126048</font>,<font color=#11b3ff>KERNEL INFO instruction cache parity error corrected</font>,<font color=#11b3ff>否</font>
<font color=#11b3ff>1117838576</font>,<font color=#11b3ff>R02-M1-N0-C:J12-U11</font>,<font color=#11b3ff>2005-06-03-15.42.56.275900</font>,<font color=#11b3ff>KERNEL INFO instruction cache parity error corrected</font>,<font color=#11b3ff>否</font>
<font color=#ff7a2e>1117838576</font>,<font color=#ff7a2e>R02-M1-N0-C:J12-U11</font>,<font color=#ff7a2e>2005-06-03-15.42.56.420533</font>,<font color=#ff7a2e>KERNEL INFO instruction cache parity error corrected</font>,<font color=#ff7a2e>是</font>
<font color=#11b3ff>1117838576</font>,<font color=#11b3ff>R02-M1-N0-C:J12-U11</font>,<font color=#11b3ff>2005-06-03-15.42.56.558188</font>,<font color=#11b3ff>KERNEL INFO instruction cache parity error corrected</font>,<font color=#11b3ff>否</font>
<font color=#11b3ff>1117838576</font>,<font color=#11b3ff>R02-M1-N0-C:J12-U11</font>,<font color=#11b3ff>2005-06-03-15.42.56.715625</font>,<font color=#11b3ff>KERNEL INFO instruction cache parity error corrected</font>,<font color=#11b3ff>否</font>
<font color=#11b3ff>1117838576</font>,<font color=#11b3ff>R02-M1-N0-C:J12-U11</font>,<font color=#11b3ff>2005-06-03-15.42.56.863230</font>,<font color=#11b3ff>KERNEL INFO instruction cache parity error corrected</font>,<font color=#11b3ff>否</font>
<font color=#11b3ff>1117838577</font>,<font color=#11b3ff>R02-M1-N0-C:J12-U11</font>,<font color=#11b3ff>2005-06-03-15.42.57.001213</font>,<font color=#11b3ff>KERNEL INFO instruction cache parity error corrected</font>,<font color=#11b3ff>否</font>
<font color=#11b3ff>1117838577</font>,<font color=#11b3ff>R02-M1-N0-C:J12-U11</font>,<font color=#11b3ff>2005-06-03-15.42.57.170578</font>,<font color=#11b3ff>KERNEL INFO instruction cache parity error corrected</font>,<font color=#11b3ff>否</font>
<font color=#11b3ff>1117838577</font>,<font color=#11b3ff>R02-M1-N0-C:J12-U11</font>,<font color=#11b3ff>2005-06-03-15.42.57.319602</font>,<font color=#11b3ff>KERNEL INFO instruction cache parity error corrected</font>,<font color=#11b3ff>否</font>
<font color=#11b3ff>1117838577</font>,<font color=#11b3ff>R02-M1-N0-C:J12-U11</font>,<font color=#11b3ff>2005-06-03-15.42.57.468068</font>,<font color=#11b3ff>KERNEL INFO instruction cache parity error corrected</font>,<font color=#11b3ff>否</font>
<font color=#11b3ff>1117838577</font>,<font color=#11b3ff>R02-M1-N0-C:J12-U11</font>,<font color=#11b3ff>2005-06-03-15.42.57.609155</font>,<font color=#11b3ff>KERNEL INFO instruction cache parity error corrected</font>,<font color=#11b3ff>否</font>
<font color=#11b3ff>1117838577</font>,<font color=#11b3ff>R02-M1-N0-C:J12-U11</font>,<font color=#11b3ff>2005-06-03-15.42.57.757117</font>,<font color=#11b3ff>KERNEL INFO instruction cache parity error corrected</font>,<font color=#11b3ff>否</font>
<font color=#11b3ff>1117838577</font>,<font color=#11b3ff>R02-M1-N0-C:J12-U11</font>,<font color=#11b3ff>2005-06-03-15.42.57.915514</font>,<font color=#11b3ff>KERNEL INFO instruction cache parity error corrected</font>,<font color=#11b3ff>否</font>
<font color=#11b3ff>1117838578</font>,<font color=#11b3ff>R02-M1-N0-C:J12-U11</font>,<font color=#11b3ff>2005-06-03-15.42.58.047957</font>,<font color=#11b3ff>KERNEL INFO instruction cache parity error corrected</font>,<font color=#11b3ff>否</font>
<font color=#11b3ff>1117838578</font>,<font color=#11b3ff>R02-M1-N0-C:J12-U11</font>,<font color=#11b3ff>2005-06-03-15.42.58.199532</font>,<font color=#11b3ff>KERNEL INFO instruction cache parity error corrected</font>,<font color=#11b3ff>否</font>
<font color=#11b3ff>1117838578</font>,<font color=#11b3ff>R02-M1-N0-C:J12-U11</font>,<font color=#11b3ff>2005-06-03-15.42.58.351645</font>,<font color=#11b3ff>KERNEL INFO instruction cache parity error corrected</font>,<font color=#11b3ff>否</font>
<font color=#11b3ff>1117838578</font>,<font color=#11b3ff>R02-M1-N0-C:J12-U11</font>,<font color=#11b3ff>2005-06-03-15.42.58.514875</font>,<font color=#11b3ff>KERNEL INFO instruction cache parity error corrected</font>,<font color=#11b3ff>否</font>
<font color=#11b3ff>1117838578</font>,<font color=#11b3ff>R02-M1-N0-C:J12-U11</font>,<font color=#11b3ff>2005-06-03-15.42.58.670503</font>,<font color=#11b3ff>KERNEL INFO instruction cache parity error corrected</font>,<font color=#11b3ff>否</font>
<font color=#11b3ff>1117838578</font>,<font color=#11b3ff>R02-M1-N0-C:J12-U11</font>,<font color=#11b3ff>2005-06-03-15.42.58.824652</font>,<font color=#11b3ff>KERNEL INFO instruction cache parity error corrected</font>,<font color=#11b3ff>否</font>
<font color=#11b3ff>1117838578</font>,<font color=#11b3ff>R02-M1-N0-C:J12-U11</font>,<font color=#11b3ff>2005-06-03-15.42.58.973175</font>,<font color=#11b3ff>KERNEL INFO instruction cache parity error corrected</font>,<font color=#11b3ff>否</font>
<font color=#11b3ff>1117838579</font>,<font color=#11b3ff>R02-M1-N0-C:J12-U11</font>,<font color=#11b3ff>2005-06-03-15.42.59.108201</font>,<font color=#11b3ff>KERNEL INFO instruction cache parity error corrected</font>,<font color=#11b3ff>否</font>
<font color=#11b3ff>1117838579</font>,<font color=#11b3ff>R02-M1-N0-C:J12-U11</font>,<font color=#11b3ff>2005-06-03-15.42.59.257767</font>,<font color=#11b3ff>KERNEL INFO instruction cache parity error corrected</font>,<font color=#11b3ff>否</font>
<font color=#ff7a2e>1117838579</font>,<font color=#ff7a2e>R02-M1-N0-C:J12-U11</font>,<font color=#ff7a2e>2005-06-03-15.42.59.413771</font>,<font color=#ff7a2e>KERNEL INFO instruction cache parity error corrected</font>,<font color=#ff7a2e>是</font>
<font color=#11b3ff>1117838579</font>,<font color=#11b3ff>R02-M1-N0-C:J12-U11</font>,<font color=#11b3ff>2005-06-03-15.42.59.553525</font>,<font color=#11b3ff>KERNEL INFO instruction cache parity error corrected</font>,<font color=#11b3ff>否</font>
<font color=#11b3ff>1117838579</font>,<font color=#11b3ff>R02-M1-N0-C:J12-U11</font>,<font color=#11b3ff>2005-06-03-15.42.59.703464</font>,<font color=#11b3ff>KERNEL INFO instruction cache parity error corrected</font>,<font color=#11b3ff>否</font>
<font color=#11b3ff>1117838579</font>,<font color=#11b3ff>R02-M1-N0-C:J12-U11</font>,<font color=#11b3ff>2005-06-03-15.42.59.858422</font>,<font color=#11b3ff>KERNEL INFO instruction cache parity error corrected</font>,<font color=#11b3ff>否</font>
<font color=#11b3ff>1117838580</font>,<font color=#11b3ff>R02-M1-N0-C:J12-U11</font>,<font color=#11b3ff>2005-06-03-15.43.00.000708</font>,<font color=#11b3ff>KERNEL INFO instruction cache parity error corrected</font>,<font color=#11b3ff>否</font>
<font color=#11b3ff>1117838580</font>,<font color=#11b3ff>R02-M1-N0-C:J12-U11</font>,<font color=#11b3ff>2005-06-03-15.43.00.132832</font>,<font color=#11b3ff>KERNEL INFO instruction cache parity error corrected</font>,<font color=#11b3ff>否</font>
<font color=#ff7a2e>1117838580</font>,<font color=#ff7a2e>R02-M1-N0-C:J12-U11</font>,<font color=#ff7a2e>2005-06-03-15.43.00.277471</font>,<font color=#ff7a2e>KERNEL INFO instruction cache parity error corrected</font>,<font color=#ff7a2e>是</font>
<font color=#11b3ff>1117838580</font>,<font color=#11b3ff>R02-M1-N0-C:J12-U11</font>,<font color=#11b3ff>2005-06-03-15.43.00.428176</font>,<font color=#11b3ff>KERNEL INFO instruction cache parity error corrected</font>,<font color=#11b3ff>否</font>
<font color=#11b3ff>1117838580</font>,<font color=#11b3ff>R02-M1-N0-C:J12-U11</font>,<font color=#11b3ff>2005-06-03-15.43.00.561919</font>,<font color=#11b3ff>KERNEL INFO instruction cache parity error corrected</font>,<font color=#11b3ff>否</font>
<font color=#11b3ff>1117838580</font>,<font color=#11b3ff>R02-M1-N0-C:J12-U11</font>,<font color=#11b3ff>2005-06-03-15.43.00.713415</font>,<font color=#11b3ff>KERNEL INFO instruction cache parity error corrected</font>,<font color=#11b3ff>否</font>
<font color=#11b3ff>1117838580</font>,<font color=#11b3ff>R02-M1-N0-C:J12-U11</font>,<font color=#11b3ff>2005-06-03-15.43.00.869117</font>,<font color=#11b3ff>KERNEL INFO instruction cache parity error corrected</font>,<font color=#11b3ff>否</font>
<font color=#11b3ff>1117838581</font>,<font color=#11b3ff>R02-M1-N0-C:J12-U11</font>,<font color=#11b3ff>2005-06-03-15.43.01.014845</font>,<font color=#11b3ff>KERNEL INFO instruction cache parity error corrected</font>,<font color=#11b3ff>否</font>
<font color=#11b3ff>1117838581</font>,<font color=#11b3ff>R02-M1-N0-C:J12-U11</font>,<font color=#11b3ff>2005-06-03-15.43.01.172337</font>,<font color=#11b3ff>KERNEL INFO instruction cache parity error corrected</font>,<font color=#11b3ff>否</font>
<font color=#11b3ff>1117838581</font>,<font color=#11b3ff>R02-M1-N0-C:J12-U11</font>,<font color=#11b3ff>2005-06-03-15.43.01.317488</font>,<font color=#11b3ff>KERNEL INFO instruction cache parity error corrected</font>,<font color=#11b3ff>否</font>
<font color=#11b3ff>1117838581</font>,<font color=#11b3ff>R02-M1-N0-C:J12-U11</font>,<font color=#11b3ff>2005-06-03-15.43.01.470239</font>,<font color=#11b3ff>KERNEL INFO instruction cache parity error corrected</font>,<font color=#11b3ff>否</font>
<font color=#11b3ff>1117838581</font>,<font color=#11b3ff>R02-M1-N0-C:J12-U11</font>,<font color=#11b3ff>2005-06-03-15.43.01.606902</font>,<font color=#11b3ff>KERNEL INFO instruction cache parity error corrected</font>,<font color=#11b3ff>否</font>
<font color=#11b3ff>1117838581</font>,<font color=#11b3ff>R02-M1-N0-C:J12-U11</font>,<font color=#11b3ff>2005-06-03-15.43.01.767944</font>,<font color=#11b3ff>KERNEL INFO instruction cache parity error corrected</font>,<font color=#11b3ff>否</font>
<font color=#11b3ff>1117838581</font>,<font color=#11b3ff>R02-M1-N0-C:J12-U11</font>,<font color=#11b3ff>2005-06-03-15.43.01.917819</font>,<font color=#11b3ff>KERNEL INFO instruction cache parity error corrected</font>,<font color=#11b3ff>否</font>
<font color=#11b3ff>1117838582</font>,<font color=#11b3ff>R02-M1-N0-C:J12-U11</font>,<font color=#11b3ff>2005-06-03-15.43.02.061263</font>,<font color=#11b3ff>KERNEL INFO instruction cache parity error corrected</font>,<font color=#11b3ff>否</font>
<font color=#11b3ff>1117838582</font>,<font color=#11b3ff>R02-M1-N0-C:J12-U11</font>,<font color=#11b3ff>2005-06-03-15.43.02.228021</font>,<font color=#11b3ff>KERNEL INFO instruction cache parity error corrected</font>,<font color=#11b3ff>否</font>
<font color=#11b3ff>1117838582</font>,<font color=#11b3ff>R02-M1-N0-C:J12-U11</font>,<font color=#11b3ff>2005-06-03-15.43.02.388730</font>,<font color=#11b3ff>KERNEL INFO instruction cache parity error corrected</font>,<font color=#11b3ff>否</font>
<font color=#ff7a2e>1117838582</font>,<font color=#ff7a2e>R02-M1-N0-C:J12-U11</font>,<font color=#ff7a2e>2005-06-03-15.43.02.531785</font>,<font color=#ff7a2e>KERNEL INFO instruction cache parity error corrected</font>,<font color=#ff7a2e>是</font>
<font color=#11b3ff>1117838582</font>,<font color=#11b3ff>R02-M1-N0-C:J12-U11</font>,<font color=#11b3ff>2005-06-03-15.43.02.668455</font>,<font color=#11b3ff>KERNEL INFO instruction cache parity error corrected</font>,<font color=#11b3ff>否</font>
<font color=#11b3ff>1117838582</font>,<font color=#11b3ff>R02-M1-N0-C:J12-U11</font>,<font color=#11b3ff>2005-06-03-15.43.02.824641</font>,<font color=#11b3ff>KERNEL INFO instruction cache parity error corrected</font>,<font color=#11b3ff>否</font>
<font color=#11b3ff>1117838583</font>,<font color=#11b3ff>R02-M1-N0-C:J12-U11</font>,<font color=#11b3ff>2005-06-03-15.43.03.047861</font>,<font color=#11b3ff>KERNEL INFO instruction cache parity error corrected</font>,<font color=#11b3ff>否</font>
<font color=#11b3ff>1117838583</font>,<font color=#11b3ff>R02-M1-N0-C:J12-U11</font>,<font color=#11b3ff>2005-06-03-15.43.03.187724</font>,<font color=#11b3ff>KERNEL INFO instruction cache parity error corrected</font>,<font color=#11b3ff>否</font>
<font color=#11b3ff>1117838583</font>,<font color=#11b3ff>R02-M1-N0-C:J12-U11</font>,<font color=#11b3ff>2005-06-03-15.43.03.337692</font>,<font color=#11b3ff>KERNEL INFO instruction cache parity error corrected</font>,<font color=#11b3ff>否</font>
<font color=#11b3ff>1117838583</font>,<font color=#11b3ff>R02-M1-N0-C:J12-U11</font>,<font color=#11b3ff>2005-06-03-15.43.03.491411</font>,<font color=#11b3ff>KERNEL INFO instruction cache parity error corrected</font>,<font color=#11b3ff>否</font>
<font color=#11b3ff>1117838583</font>,<font color=#11b3ff>R02-M1-N0-C:J12-U11</font>,<font color=#11b3ff>2005-06-03-15.43.03.623873</font>,<font color=#11b3ff>KERNEL INFO instruction cache parity error corrected</font>,<font color=#11b3ff>否</font>
<font color=#11b3ff>1117838583</font>,<font color=#11b3ff>R02-M1-N0-C:J12-U11</font>,<font color=#11b3ff>2005-06-03-15.43.03.777169</font>,<font color=#11b3ff>KERNEL INFO instruction cache parity error corrected</font>,<font color=#11b3ff>否</font>
<font color=#ff7a2e>1117838583</font>,<font color=#ff7a2e>R02-M1-N0-C:J12-U11</font>,<font color=#ff7a2e>2005-06-03-15.43.03.929861</font>,<font color=#ff7a2e>KERNEL INFO instruction cache parity error corrected</font>,<font color=#ff7a2e>是</font>
<font color=#11b3ff>1117838584</font>,<font color=#11b3ff>R02-M1-N0-C:J12-U11</font>,<font color=#11b3ff>2005-06-03-15.43.04.078487</font>,<font color=#11b3ff>KERNEL INFO instruction cache parity error corrected</font>,<font color=#11b3ff>否</font>
<font color=#11b3ff>1117838584</font>,<font color=#11b3ff>R02-M1-N0-C:J12-U11</font>,<font color=#11b3ff>2005-06-03-15.43.04.232717</font>,<font color=#11b3ff>KERNEL INFO instruction cache parity error corrected</font>,<font color=#11b3ff>否</font>
<font color=#11b3ff>1117838584</font>,<font color=#11b3ff>R02-M1-N0-C:J12-U11</font>,<font color=#11b3ff>2005-06-03-15.43.04.377243</font>,<font color=#11b3ff>KERNEL INFO instruction cache parity error corrected</font>,<font color=#11b3ff>否</font>
<font color=#11b3ff>1117838584</font>,<font color=#11b3ff>R02-M1-N0-C:J12-U11</font>,<font color=#11b3ff>2005-06-03-15.43.04.527398</font>,<font color=#11b3ff>KERNEL INFO instruction cache parity error corrected</font>,<font color=#11b3ff>否</font>
<font color=#11b3ff>1117838584</font>,<font color=#11b3ff>R02-M1-N0-C:J12-U11</font>,<font color=#11b3ff>2005-06-03-15.43.04.664188</font>,<font color=#11b3ff>KERNEL INFO instruction cache parity error corrected</font>,<font color=#11b3ff>否</font>
<font color=#11b3ff>1117838584</font>,<font color=#11b3ff>R02-M1-N0-C:J12-U11</font>,<font color=#11b3ff>2005-06-03-15.43.04.822434</font>,<font color=#11b3ff>KERNEL INFO instruction cache parity error corrected</font>,<font color=#11b3ff>否</font>
<font color=#11b3ff>1117838585</font>,<font color=#11b3ff>R02-M1-N0-C:J12-U11</font>,<font color=#11b3ff>2005-06-03-15.43.05.980712</font>,<font color=#11b3ff>KERNEL INFO instruction cache parity error corrected</font>,<font color=#11b3ff>否</font>
<font color=#11b3ff>1117838586</font>,<font color=#11b3ff>R02-M1-N0-C:J12-U11</font>,<font color=#11b3ff>2005-06-03-15.43.06.127403</font>,<font color=#11b3ff>KERNEL INFO instruction cache parity error corrected</font>,<font color=#11b3ff>否</font>
<font color=#11b3ff>1117838586</font>,<font color=#11b3ff>R02-M1-N0-C:J12-U11</font>,<font color=#11b3ff>2005-06-03-15.43.06.272340</font>,<font color=#11b3ff>KERNEL INFO instruction cache parity error corrected</font>,<font color=#11b3ff>否</font>
<font color=#11b3ff>1117838586</font>,<font color=#11b3ff>R02-M1-N0-C:J12-U11</font>,<font color=#11b3ff>2005-06-03-15.43.06.416043</font>,<font color=#11b3ff>KERNEL INFO instruction cache parity error corrected</font>,<font color=#11b3ff>否</font>
<font color=#11b3ff>1117838586</font>,<font color=#11b3ff>R02-M1-N0-C:J12-U11</font>,<font color=#11b3ff>2005-06-03-15.43.06.563633</font>,<font color=#11b3ff>KERNEL INFO instruction cache parity error corrected</font>,<font color=#11b3ff>否</font>
<font color=#11b3ff>1117838586</font>,<font color=#11b3ff>R02-M1-N0-C:J12-U11</font>,<font color=#11b3ff>2005-06-03-15.43.06.707568</font>,<font color=#11b3ff>KERNEL INFO instruction cache parity error corrected</font>,<font color=#11b3ff>否</font>
<font color=#11b3ff>1117838586</font>,<font color=#11b3ff>R02-M1-N0-C:J12-U11</font>,<font color=#11b3ff>2005-06-03-15.43.06.857763</font>,<font color=#11b3ff>KERNEL INFO instruction cache parity error corrected</font>,<font color=#11b3ff>否</font>
<font color=#11b3ff>1117838588</font>,<font color=#11b3ff>R02-M1-N0-C:J12-U11</font>,<font color=#11b3ff>2005-06-03-15.43.08.523246</font>,<font color=#11b3ff>KERNEL INFO instruction cache parity error corrected</font>,<font color=#11b3ff>否</font>
<font color=#11b3ff>1117838588</font>,<font color=#11b3ff>R02-M1-N0-C:J12-U11</font>,<font color=#11b3ff>2005-06-03-15.43.08.667599</font>,<font color=#11b3ff>KERNEL INFO instruction cache parity error corrected</font>,<font color=#11b3ff>否</font>
<font color=#11b3ff>1117838588</font>,<font color=#11b3ff>R02-M1-N0-C:J12-U11</font>,<font color=#11b3ff>2005-06-03-15.43.08.819478</font>,<font color=#11b3ff>KERNEL INFO instruction cache parity error corrected</font>,<font color=#11b3ff>否</font>
<font color=#11b3ff>1117838588</font>,<font color=#11b3ff>R02-M1-N0-C:J12-U11</font>,<font color=#11b3ff>2005-06-03-15.43.08.968087</font>,<font color=#11b3ff>KERNEL INFO instruction cache parity error corrected</font>,<font color=#11b3ff>否</font>
<font color=#ff7a2e>1117838589</font>,<font color=#ff7a2e>R02-M1-N0-C:J12-U11</font>,<font color=#ff7a2e>2005-06-03-15.43.09.136802</font>,<font color=#ff7a2e>KERNEL INFO instruction cache parity error corrected</font>,<font color=#ff7a2e>是</font>
<font color=#11b3ff>1117838589</font>,<font color=#11b3ff>R02-M1-N0-C:J12-U11</font>,<font color=#11b3ff>2005-06-03-15.43.09.276780</font>,<font color=#11b3ff>KERNEL INFO instruction cache parity error corrected</font>,<font color=#11b3ff>否</font>
<font color=#11b3ff>1117838589</font>,<font color=#11b3ff>R02-M1-N0-C:J12-U11</font>,<font color=#11b3ff>2005-06-03-15.43.09.444998</font>,<font color=#11b3ff>KERNEL INFO instruction cache parity error corrected</font>,<font color=#11b3ff>否</font>
<font color=#11b3ff>1117838591</font>,<font color=#11b3ff>R02-M1-N0-C:J12-U11</font>,<font color=#11b3ff>2005-06-03-15.43.11.123636</font>,<font color=#11b3ff>KERNEL INFO instruction cache parity error corrected</font>,<font color=#11b3ff>否</font>
<font color=#11b3ff>1117838591</font>,<font color=#11b3ff>R02-M1-N0-C:J12-U11</font>,<font color=#11b3ff>2005-06-03-15.43.11.274810</font>,<font color=#11b3ff>KERNEL INFO instruction cache parity error corrected</font>,<font color=#11b3ff>否</font>
<font color=#11b3ff>1117838591</font>,<font color=#11b3ff>R02-M1-N0-C:J12-U11</font>,<font color=#11b3ff>2005-06-03-15.43.11.430190</font>,<font color=#11b3ff>KERNEL INFO instruction cache parity error corrected</font>,<font color=#11b3ff>否</font>
<font color=#ff7a2e>1117838591</font>,<font color=#ff7a2e>R02-M1-N0-C:J12-U11</font>,<font color=#ff7a2e>2005-06-03-15.43.11.580569</font>,<font color=#ff7a2e>KERNEL INFO instruction cache parity error corrected</font>,<font color=#ff7a2e>是</font>
<font color=#11b3ff>1117838591</font>,<font color=#11b3ff>R02-M1-N0-C:J12-U11</font>,<font color=#11b3ff>2005-06-03-15.43.11.728393</font>,<font color=#11b3ff>KERNEL INFO instruction cache parity error corrected</font>,<font color=#11b3ff>否</font>
<font color=#11b3ff>1117838592</font>,<font color=#11b3ff>R02-M1-N0-C:J12-U11</font>,<font color=#11b3ff>2005-06-03-15.43.12.396745</font>,<font color=#11b3ff>KERNEL INFO instruction cache parity error corrected</font>,<font color=#11b3ff>否</font>
<font color=#11b3ff>1117838592</font>,<font color=#11b3ff>R02-M1-N0-C:J12-U11</font>,<font color=#11b3ff>2005-06-03-15.43.12.555962</font>,<font color=#11b3ff>KERNEL INFO instruction cache parity error corrected</font>,<font color=#11b3ff>否</font>
<font color=#ff7a2e>1117838592</font>,<font color=#ff7a2e>R02-M1-N0-C:J12-U11</font>,<font color=#ff7a2e>2005-06-03-15.43.12.710237</font>,<font color=#ff7a2e>KERNEL INFO instruction cache parity error corrected</font>,<font color=#ff7a2e>是</font>
<font color=#11b3ff>1117838594</font>,<font color=#11b3ff>R02-M1-N0-C:J12-U11</font>,<font color=#11b3ff>2005-06-03-15.43.14.377218</font>,<font color=#11b3ff>KERNEL INFO instruction cache parity error corrected</font>,<font color=#11b3ff>否</font>
<font color=#11b3ff>1117838594</font>,<font color=#11b3ff>R02-M1-N0-C:J12-U11</font>,<font color=#11b3ff>2005-06-03-15.43.14.548730</font>,<font color=#11b3ff>KERNEL INFO instruction cache parity error corrected</font>,<font color=#11b3ff>否</font>
<font color=#11b3ff>1117838594</font>,<font color=#11b3ff>R02-M1-N0-C:J12-U11</font>,<font color=#11b3ff>2005-06-03-15.43.14.702679</font>,<font color=#11b3ff>KERNEL INFO instruction cache parity error corrected</font>,<font color=#11b3ff>否</font>
<font color=#11b3ff>1117838594</font>,<font color=#11b3ff>R02-M1-N0-C:J12-U11</font>,<font color=#11b3ff>2005-06-03-15.43.14.838635</font>,<font color=#11b3ff>KERNEL INFO instruction cache parity error corrected</font>,<font color=#11b3ff>否</font>
<font color=#11b3ff>1117838594</font>,<font color=#11b3ff>R02-M1-N0-C:J12-U11</font>,<font color=#11b3ff>2005-06-03-15.43.14.995922</font>,<font color=#11b3ff>KERNEL INFO instruction cache parity error corrected</font>,<font color=#11b3ff>否</font>
<font color=#11b3ff>1117838595</font>,<font color=#11b3ff>R02-M1-N0-C:J12-U11</font>,<font color=#11b3ff>2005-06-03-15.43.15.149710</font>,<font color=#11b3ff>KERNEL INFO instruction cache parity error corrected</font>,<font color=#11b3ff>否</font>
<font color=#ff7a2e>1117838595</font>,<font color=#ff7a2e>R02-M1-N0-C:J12-U11</font>,<font color=#ff7a2e>2005-06-03-15.43.15.295444</font>,<font color=#ff7a2e>KERNEL INFO instruction cache parity error corrected</font>,<font color=#ff7a2e>是</font>
<font color=#11b3ff>1117838595</font>,<font color=#11b3ff>R02-M1-N0-C:J12-U11</font>,<font color=#11b3ff>2005-06-03-15.43.15.443924</font>,<font color=#11b3ff>KERNEL INFO instruction cache parity error corrected</font>,<font color=#11b3ff>否</font>
<font color=#11b3ff>1117838597</font>,<font color=#11b3ff>R02-M1-N0-C:J12-U11</font>,<font color=#11b3ff>2005-06-03-15.43.17.123192</font>,<font color=#11b3ff>KERNEL INFO instruction cache parity error corrected</font>,<font color=#11b3ff>否</font>
<font color=#11b3ff>1117838597</font>,<font color=#11b3ff>R02-M1-N0-C:J12-U11</font>,<font color=#11b3ff>2005-06-03-15.43.17.272642</font>,<font color=#11b3ff>KERNEL INFO instruction cache parity error corrected</font>,<font color=#11b3ff>否</font>
<font color=#11b3ff>1117838597</font>,<font color=#11b3ff>R02-M1-N0-C:J12-U11</font>,<font color=#11b3ff>2005-06-03-15.43.17.413225</font>,<font color=#11b3ff>KERNEL INFO instruction cache parity error corrected</font>,<font color=#11b3ff>否</font>
<font color=#11b3ff>1117838597</font>,<font color=#11b3ff>R02-M1-N0-C:J12-U11</font>,<font color=#11b3ff>2005-06-03-15.43.17.566152</font>,<font color=#11b3ff>KERNEL INFO instruction cache parity error corrected</font>,<font color=#11b3ff>否</font>
<font color=#11b3ff>1117838597</font>,<font color=#11b3ff>R02-M1-N0-C:J12-U11</font>,<font color=#11b3ff>2005-06-03-15.43.17.703345</font>,<font color=#11b3ff>KERNEL INFO instruction cache parity error corrected</font>,<font color=#11b3ff>否</font>
<font color=#11b3ff>1117838597</font>,<font color=#11b3ff>R02-M1-N0-C:J12-U11</font>,<font color=#11b3ff>2005-06-03-15.43.17.860930</font>,<font color=#11b3ff>KERNEL INFO instruction cache parity error corrected</font>,<font color=#11b3ff>否</font>
<font color=#ff7a2e>1117838598</font>,<font color=#ff7a2e>R02-M1-N0-C:J12-U11</font>,<font color=#ff7a2e>2005-06-03-15.43.18.003131</font>,<font color=#ff7a2e>KERNEL INFO instruction cache parity error corrected</font>,<font color=#ff7a2e>是</font>
<font color=#11b3ff>1117838598</font>,<font color=#11b3ff>R02-M1-N0-C:J12-U11</font>,<font color=#11b3ff>2005-06-03-15.43.18.145840</font>,<font color=#11b3ff>KERNEL INFO instruction cache parity error corrected</font>,<font color=#11b3ff>否</font>
<font color=#11b3ff>1117838599</font>,<font color=#11b3ff>R02-M1-N0-C:J12-U11</font>,<font color=#11b3ff>2005-06-03-15.43.19.836965</font>,<font color=#11b3ff>KERNEL INFO instruction cache parity error corrected</font>,<font color=#11b3ff>否</font>
<font color=#11b3ff>1117838599</font>,<font color=#11b3ff>R02-M1-N0-C:J12-U11</font>,<font color=#11b3ff>2005-06-03-15.43.19.971735</font>,<font color=#11b3ff>KERNEL INFO instruction cache parity error corrected</font>,<font color=#11b3ff>否</font>
<font color=#11b3ff>1117838600</font>,<font color=#11b3ff>R02-M1-N0-C:J12-U11</font>,<font color=#11b3ff>2005-06-03-15.43.20.134374</font>,<font color=#11b3ff>KERNEL INFO instruction cache parity error corrected</font>,<font color=#11b3ff>否</font>
<font color=#ff7a2e>1117838600</font>,<font color=#ff7a2e>R02-M1-N0-C:J12-U11</font>,<font color=#ff7a2e>2005-06-03-15.43.20.280044</font>,<font color=#ff7a2e>KERNEL INFO instruction cache parity error corrected</font>,<font color=#ff7a2e>是</font>
<font color=#11b3ff>1117838600</font>,<font color=#11b3ff>R02-M1-N0-C:J12-U11</font>,<font color=#11b3ff>2005-06-03-15.43.20.945577</font>,<font color=#11b3ff>KERNEL INFO instruction cache parity error corrected</font>,<font color=#11b3ff>否</font>
<font color=#11b3ff>1117838601</font>,<font color=#11b3ff>R02-M1-N0-C:J12-U11</font>,<font color=#11b3ff>2005-06-03-15.43.21.101872</font>,<font color=#11b3ff>KERNEL INFO instruction cache parity error corrected</font>,<font color=#11b3ff>否</font>
<font color=#11b3ff>1117838601</font>,<font color=#11b3ff>R02-M1-N0-C:J12-U11</font>,<font color=#11b3ff>2005-06-03-15.43.21.251163</font>,<font color=#11b3ff>KERNEL INFO instruction cache parity error corrected</font>,<font color=#11b3ff>否</font>
<font color=#11b3ff>1117838601</font>,<font color=#11b3ff>R02-M1-N0-C:J12-U11</font>,<font color=#11b3ff>2005-06-03-15.43.21.385972</font>,<font color=#11b3ff>KERNEL INFO instruction cache parity error corrected</font>,<font color=#11b3ff>否</font>
<font color=#11b3ff>1117838601</font>,<font color=#11b3ff>R02-M1-N0-C:J12-U11</font>,<font color=#11b3ff>2005-06-03-15.43.21.523068</font>,<font color=#11b3ff>KERNEL INFO instruction cache parity error corrected</font>,<font color=#11b3ff>否</font>
<font color=#11b3ff>1117838603</font>,<font color=#11b3ff>R02-M1-N0-C:J12-U11</font>,<font color=#11b3ff>2005-06-03-15.43.23.234268</font>,<font color=#11b3ff>KERNEL INFO instruction cache parity error corrected</font>,<font color=#11b3ff>否</font>
<font color=#11b3ff>1117838603</font>,<font color=#11b3ff>R02-M1-N0-C:J12-U11</font>,<font color=#11b3ff>2005-06-03-15.43.23.376264</font>,<font color=#11b3ff>KERNEL INFO instruction cache parity error corrected</font>,<font color=#11b3ff>否</font>
<font color=#11b3ff>1117838603</font>,<font color=#11b3ff>R02-M1-N0-C:J12-U11</font>,<font color=#11b3ff>2005-06-03-15.43.23.508622</font>,<font color=#11b3ff>KERNEL INFO instruction cache parity error corrected</font>,<font color=#11b3ff>否</font>
<font color=#11b3ff>1117838603</font>,<font color=#11b3ff>R02-M1-N0-C:J12-U11</font>,<font color=#11b3ff>2005-06-03-15.43.23.676765</font>,<font color=#11b3ff>KERNEL INFO instruction cache parity error corrected</font>,<font color=#11b3ff>否</font>
<font color=#11b3ff>1117838603</font>,<font color=#11b3ff>R02-M1-N0-C:J12-U11</font>,<font color=#11b3ff>2005-06-03-15.43.23.821208</font>,<font color=#11b3ff>KERNEL INFO instruction cache parity error corrected</font>,<font color=#11b3ff>否</font>
<font color=#11b3ff>1117838603</font>,<font color=#11b3ff>R02-M1-N0-C:J12-U11</font>,<font color=#11b3ff>2005-06-03-15.43.23.963587</font>,<font color=#11b3ff>KERNEL INFO instruction cache parity error corrected</font>,<font color=#11b3ff>否</font>
<font color=#11b3ff>1117838604</font>,<font color=#11b3ff>R02-M1-N0-C:J12-U11</font>,<font color=#11b3ff>2005-06-03-15.43.24.099948</font>,<font color=#11b3ff>KERNEL INFO instruction cache parity error corrected</font>,<font color=#11b3ff>否</font>
<font color=#11b3ff>1117838604</font>,<font color=#11b3ff>R02-M1-N0-C:J12-U11</font>,<font color=#11b3ff>2005-06-03-15.43.24.249724</font>,<font color=#11b3ff>KERNEL INFO instruction cache parity error corrected</font>,<font color=#11b3ff>否</font>
<font color=#11b3ff>1117838604</font>,<font color=#11b3ff>R02-M1-N0-C:J12-U11</font>,<font color=#11b3ff>2005-06-03-15.43.24.401635</font>,<font color=#11b3ff>KERNEL INFO instruction cache parity error corrected</font>,<font color=#11b3ff>否</font>
<font color=#11b3ff>1117838606</font>,<font color=#11b3ff>R02-M1-N0-C:J12-U11</font>,<font color=#11b3ff>2005-06-03-15.43.26.075526</font>,<font color=#11b3ff>KERNEL INFO instruction cache parity error corrected</font>,<font color=#11b3ff>否</font>
<font color=#11b3ff>1117838606</font>,<font color=#11b3ff>R02-M1-N0-C:J12-U11</font>,<font color=#11b3ff>2005-06-03-15.43.26.232007</font>,<font color=#11b3ff>KERNEL INFO instruction cache parity error corrected</font>,<font color=#11b3ff>否</font>
<font color=#11b3ff>1117838606</font>,<font color=#11b3ff>R02-M1-N0-C:J12-U11</font>,<font color=#11b3ff>2005-06-03-15.43.26.370848</font>,<font color=#11b3ff>KERNEL INFO instruction cache parity error corrected</font>,<font color=#11b3ff>否</font>
<font color=#11b3ff>1117838606</font>,<font color=#11b3ff>R02-M1-N0-C:J12-U11</font>,<font color=#11b3ff>2005-06-03-15.43.26.514593</font>,<font color=#11b3ff>KERNEL INFO instruction cache parity error corrected</font>,<font color=#11b3ff>否</font>
<font color=#ff7a2e>1117838606</font>,<font color=#ff7a2e>R02-M1-N0-C:J12-U11</font>,<font color=#ff7a2e>2005-06-03-15.43.26.650692</font>,<font color=#ff7a2e>KERNEL INFO instruction cache parity error corrected</font>,<font color=#ff7a2e>是</font>
<font color=#11b3ff>1117838606</font>,<font color=#11b3ff>R02-M1-N0-C:J12-U11</font>,<font color=#11b3ff>2005-06-03-15.43.26.795845</font>,<font color=#11b3ff>KERNEL INFO instruction cache parity error corrected</font>,<font color=#11b3ff>否</font>
<font color=#11b3ff>1117838606</font>,<font color=#11b3ff>R02-M1-N0-C:J12-U11</font>,<font color=#11b3ff>2005-06-03-15.43.26.942532</font>,<font color=#11b3ff>KERNEL INFO instruction cache parity error corrected</font>,<font color=#11b3ff>否</font>
<font color=#11b3ff>1117838607</font>,<font color=#11b3ff>R02-M1-N0-C:J12-U11</font>,<font color=#11b3ff>2005-06-03-15.43.27.088218</font>,<font color=#11b3ff>KERNEL INFO instruction cache parity error corrected</font>,<font color=#11b3ff>否</font>
<font color=#11b3ff>1117838607</font>,<font color=#11b3ff>R02-M1-N0-C:J12-U11</font>,<font color=#11b3ff>2005-06-03-15.43.27.257242</font>,<font color=#11b3ff>KERNEL INFO instruction cache parity error corrected</font>,<font color=#11b3ff>否</font>
<font color=#11b3ff>1117838608</font>,<font color=#11b3ff>R02-M1-N0-C:J12-U11</font>,<font color=#11b3ff>2005-06-03-15.43.28.948656</font>,<font color=#11b3ff>KERNEL INFO instruction cache parity error corrected</font>,<font color=#11b3ff>否</font>
<font color=#11b3ff>1117838609</font>,<font color=#11b3ff>R02-M1-N0-C:J12-U11</font>,<font color=#11b3ff>2005-06-03-15.43.29.092839</font>,<font color=#11b3ff>KERNEL INFO instruction cache parity error corrected</font>,<font color=#11b3ff>否</font>
<font color=#11b3ff>1117838609</font>,<font color=#11b3ff>R02-M1-N0-C:J12-U11</font>,<font color=#11b3ff>2005-06-03-15.43.29.258241</font>,<font color=#11b3ff>KERNEL INFO instruction cache parity error corrected</font>,<font color=#11b3ff>否</font>
<font color=#11b3ff>1117838609</font>,<font color=#11b3ff>R02-M1-N0-C:J12-U11</font>,<font color=#11b3ff>2005-06-03-15.43.29.400159</font>,<font color=#11b3ff>KERNEL INFO instruction cache parity error corrected</font>,<font color=#11b3ff>否</font>
<font color=#11b3ff>1117838609</font>,<font color=#11b3ff>R02-M1-N0-C:J12-U11</font>,<font color=#11b3ff>2005-06-03-15.43.29.542992</font>,<font color=#11b3ff>KERNEL INFO instruction cache parity error corrected</font>,<font color=#11b3ff>否</font>
<font color=#11b3ff>1117838609</font>,<font color=#11b3ff>R02-M1-N0-C:J12-U11</font>,<font color=#11b3ff>2005-06-03-15.43.29.682447</font>,<font color=#11b3ff>KERNEL INFO instruction cache parity error corrected</font>,<font color=#11b3ff>否</font>
<font color=#ff7a2e>1117838609</font>,<font color=#ff7a2e>R02-M1-N0-C:J12-U11</font>,<font color=#ff7a2e>2005-06-03-15.43.29.864605</font>,<font color=#ff7a2e>KERNEL INFO instruction cache parity error corrected</font>,<font color=#ff7a2e>是</font>
<font color=#11b3ff>1117838610</font>,<font color=#11b3ff>R02-M1-N0-C:J12-U11</font>,<font color=#11b3ff>2005-06-03-15.43.30.008754</font>,<font color=#11b3ff>KERNEL INFO instruction cache parity error corrected</font>,<font color=#11b3ff>否</font>
<font color=#11b3ff>1117838611</font>,<font color=#11b3ff>R02-M1-N0-C:J12-U11</font>,<font color=#11b3ff>2005-06-03-15.43.31.674778</font>,<font color=#11b3ff>KERNEL INFO instruction cache parity error corrected</font>,<font color=#11b3ff>否</font>
<font color=#11b3ff>1117838611</font>,<font color=#11b3ff>R02-M1-N0-C:J12-U11</font>,<font color=#11b3ff>2005-06-03-15.43.31.833012</font>,<font color=#11b3ff>KERNEL INFO instruction cache parity error corrected</font>,<font color=#11b3ff>否</font>
<font color=#11b3ff>1117838611</font>,<font color=#11b3ff>R02-M1-N0-C:J12-U11</font>,<font color=#11b3ff>2005-06-03-15.43.31.983769</font>,<font color=#11b3ff>KERNEL INFO instruction cache parity error corrected</font>,<font color=#11b3ff>否</font>
<font color=#11b3ff>1117838612</font>,<font color=#11b3ff>R02-M1-N0-C:J12-U11</font>,<font color=#11b3ff>2005-06-03-15.43.32.129084</font>,<font color=#11b3ff>KERNEL INFO instruction cache parity error corrected</font>,<font color=#11b3ff>否</font>
<font color=#11b3ff>1117838612</font>,<font color=#11b3ff>R02-M1-N0-C:J12-U11</font>,<font color=#11b3ff>2005-06-03-15.43.32.794543</font>,<font color=#11b3ff>KERNEL INFO instruction cache parity error corrected</font>,<font color=#11b3ff>否</font>
<font color=#ff7a2e>1117838612</font>,<font color=#ff7a2e>R02-M1-N0-C:J12-U11</font>,<font color=#ff7a2e>2005-06-03-15.43.32.944258</font>,<font color=#ff7a2e>KERNEL INFO instruction cache parity error corrected</font>,<font color=#ff7a2e>是</font>
<font color=#11b3ff>1117838613</font>,<font color=#11b3ff>R02-M1-N0-C:J12-U11</font>,<font color=#11b3ff>2005-06-03-15.43.33.103653</font>,<font color=#11b3ff>KERNEL INFO instruction cache parity error corrected</font>,<font color=#11b3ff>否</font>
<font color=#11b3ff>1117838613</font>,<font color=#11b3ff>R02-M1-N0-C:J12-U11</font>,<font color=#11b3ff>2005-06-03-15.43.33.251169</font>,<font color=#11b3ff>KERNEL INFO instruction cache parity error corrected</font>,<font color=#11b3ff>否</font>
<font color=#11b3ff>1117838614</font>,<font color=#11b3ff>R02-M1-N0-C:J12-U11</font>,<font color=#11b3ff>2005-06-03-15.43.34.978903</font>,<font color=#11b3ff>KERNEL INFO instruction cache parity error corrected</font>,<font color=#11b3ff>否</font>
<font color=#11b3ff>1117838615</font>,<font color=#11b3ff>R02-M1-N0-C:J12-U11</font>,<font color=#11b3ff>2005-06-03-15.43.35.151121</font>,<font color=#11b3ff>KERNEL INFO instruction cache parity error corrected</font>,<font color=#11b3ff>否</font>
<font color=#11b3ff>1117838615</font>,<font color=#11b3ff>R02-M1-N0-C:J12-U11</font>,<font color=#11b3ff>2005-06-03-15.43.35.283745</font>,<font color=#11b3ff>KERNEL INFO instruction cache parity error corrected</font>,<font color=#11b3ff>否</font>
<font color=#11b3ff>1117838615</font>,<font color=#11b3ff>R02-M1-N0-C:J12-U11</font>,<font color=#11b3ff>2005-06-03-15.43.35.454223</font>,<font color=#11b3ff>KERNEL INFO instruction cache parity error corrected</font>,<font color=#11b3ff>否</font>
<font color=#11b3ff>1117838615</font>,<font color=#11b3ff>R02-M1-N0-C:J12-U11</font>,<font color=#11b3ff>2005-06-03-15.43.35.595507</font>,<font color=#11b3ff>KERNEL INFO instruction cache parity error corrected</font>,<font color=#11b3ff>否</font>
<font color=#ff7a2e>1117838616</font>,<font color=#ff7a2e>R02-M1-N0-C:J12-U11</font>,<font color=#ff7a2e>2005-06-03-15.43.36.262863</font>,<font color=#ff7a2e>KERNEL INFO instruction cache parity error corrected</font>,<font color=#ff7a2e>是</font>
<font color=#11b3ff>1117838616</font>,<font color=#11b3ff>R02-M1-N0-C:J12-U11</font>,<font color=#11b3ff>2005-06-03-15.43.36.419517</font>,<font color=#11b3ff>KERNEL INFO instruction cache parity error corrected</font>,<font color=#11b3ff>否</font>
<font color=#11b3ff>1117838616</font>,<font color=#11b3ff>R02-M1-N0-C:J12-U11</font>,<font color=#11b3ff>2005-06-03-15.43.36.571249</font>,<font color=#11b3ff>KERNEL INFO instruction cache parity error corrected</font>,<font color=#11b3ff>否</font>
<font color=#11b3ff>1117838618</font>,<font color=#11b3ff>R02-M1-N0-C:J12-U11</font>,<font color=#11b3ff>2005-06-03-15.43.38.248148</font>,<font color=#11b3ff>KERNEL INFO instruction cache parity error corrected</font>,<font color=#11b3ff>否</font>
<font color=#ff7a2e>1117838618</font>,<font color=#ff7a2e>R02-M1-N0-C:J12-U11</font>,<font color=#ff7a2e>2005-06-03-15.43.38.396600</font>,<font color=#ff7a2e>KERNEL INFO instruction cache parity error corrected</font>,<font color=#ff7a2e>是</font>
<font color=#11b3ff>1117838618</font>,<font color=#11b3ff>R02-M1-N0-C:J12-U11</font>,<font color=#11b3ff>2005-06-03-15.43.38.543516</font>,<font color=#11b3ff>KERNEL INFO instruction cache parity error corrected</font>,<font color=#11b3ff>否</font>
<font color=#11b3ff>1117838618</font>,<font color=#11b3ff>R02-M1-N0-C:J12-U11</font>,<font color=#11b3ff>2005-06-03-15.43.38.714249</font>,<font color=#11b3ff>KERNEL INFO instruction cache parity error corrected</font>,<font color=#11b3ff>否</font>
<font color=#11b3ff>1117838618</font>,<font color=#11b3ff>R02-M1-N0-C:J12-U11</font>,<font color=#11b3ff>2005-06-03-15.43.38.849173</font>,<font color=#11b3ff>KERNEL INFO instruction cache parity error corrected</font>,<font color=#11b3ff>否</font>
<font color=#ff7a2e>1117838619</font>,<font color=#ff7a2e>R02-M1-N0-C:J12-U11</font>,<font color=#ff7a2e>2005-06-03-15.43.39.028314</font>,<font color=#ff7a2e>KERNEL INFO instruction cache parity error corrected</font>,<font color=#ff7a2e>是</font>
<font color=#11b3ff>1117838619</font>,<font color=#11b3ff>R02-M1-N0-C:J12-U11</font>,<font color=#11b3ff>2005-06-03-15.43.39.185367</font>,<font color=#11b3ff>KERNEL INFO instruction cache parity error corrected</font>,<font color=#11b3ff>否</font>
<font color=#11b3ff>1117838619</font>,<font color=#11b3ff>R02-M1-N0-C:J12-U11</font>,<font color=#11b3ff>2005-06-03-15.43.39.317778</font>,<font color=#11b3ff>KERNEL INFO instruction cache parity error corrected</font>,<font color=#11b3ff>否</font>
<font color=#11b3ff>1117838621</font>,<font color=#11b3ff>R02-M1-N0-C:J12-U11</font>,<font color=#11b3ff>2005-06-03-15.43.41.015557</font>,<font color=#11b3ff>KERNEL INFO instruction cache parity error corrected</font>,<font color=#11b3ff>否</font>
<font color=#11b3ff>1117838621</font>,<font color=#11b3ff>R02-M1-N0-C:J12-U11</font>,<font color=#11b3ff>2005-06-03-15.43.41.161461</font>,<font color=#11b3ff>KERNEL INFO instruction cache parity error corrected</font>,<font color=#11b3ff>否</font>
<font color=#11b3ff>1117838621</font>,<font color=#11b3ff>R02-M1-N0-C:J12-U11</font>,<font color=#11b3ff>2005-06-03-15.43.41.305300</font>,<font color=#11b3ff>KERNEL INFO instruction cache parity error corrected</font>,<font color=#11b3ff>否</font>
<font color=#11b3ff>1117838621</font>,<font color=#11b3ff>R02-M1-N0-C:J12-U11</font>,<font color=#11b3ff>2005-06-03-15.43.41.441143</font>,<font color=#11b3ff>KERNEL INFO instruction cache parity error corrected</font>,<font color=#11b3ff>否</font>
<font color=#11b3ff>1117838621</font>,<font color=#11b3ff>R02-M1-N0-C:J12-U11</font>,<font color=#11b3ff>2005-06-03-15.43.41.590565</font>,<font color=#11b3ff>KERNEL INFO instruction cache parity error corrected</font>,<font color=#11b3ff>否</font>
<font color=#11b3ff>1117838621</font>,<font color=#11b3ff>R02-M1-N0-C:J12-U11</font>,<font color=#11b3ff>2005-06-03-15.43.41.739318</font>,<font color=#11b3ff>KERNEL INFO instruction cache parity error corrected</font>,<font color=#11b3ff>否</font>
<font color=#11b3ff>1117838621</font>,<font color=#11b3ff>R02-M1-N0-C:J12-U11</font>,<font color=#11b3ff>2005-06-03-15.43.41.879089</font>,<font color=#11b3ff>KERNEL INFO instruction cache parity error corrected</font>,<font color=#11b3ff>否</font>
<font color=#11b3ff>1117838622</font>,<font color=#11b3ff>R02-M1-N0-C:J12-U11</font>,<font color=#11b3ff>2005-06-03-15.43.42.042890</font>,<font color=#11b3ff>KERNEL INFO instruction cache parity error corrected</font>,<font color=#11b3ff>否</font>
<font color=#11b3ff>1117838623</font>,<font color=#11b3ff>R02-M1-N0-C:J12-U11</font>,<font color=#11b3ff>2005-06-03-15.43.43.723907</font>,<font color=#11b3ff>KERNEL INFO instruction cache parity error corrected</font>,<font color=#11b3ff>否</font>
<font color=#11b3ff>1117838623</font>,<font color=#11b3ff>R02-M1-N0-C:J12-U11</font>,<font color=#11b3ff>2005-06-03-15.43.43.864303</font>,<font color=#11b3ff>KERNEL INFO instruction cache parity error corrected</font>,<font color=#11b3ff>否</font>
<font color=#ff7a2e>1117838624</font>,<font color=#ff7a2e>R02-M1-N0-C:J12-U11</font>,<font color=#ff7a2e>2005-06-03-15.43.44.047820</font>,<font color=#ff7a2e>KERNEL INFO instruction cache parity error corrected</font>,<font color=#ff7a2e>是</font>
<font color=#11b3ff>1117838624</font>,<font color=#11b3ff>R02-M1-N0-C:J12-U11</font>,<font color=#11b3ff>2005-06-03-15.43.44.206272</font>,<font color=#11b3ff>KERNEL INFO instruction cache parity error corrected</font>,<font color=#11b3ff>否</font>
<font color=#11b3ff>1117838624</font>,<font color=#11b3ff>R02-M1-N0-C:J12-U11</font>,<font color=#11b3ff>2005-06-03-15.43.44.358368</font>,<font color=#11b3ff>KERNEL INFO instruction cache parity error corrected</font>,<font color=#11b3ff>否</font>
<font color=#11b3ff>1117838624</font>,<font color=#11b3ff>R02-M1-N0-C:J12-U11</font>,<font color=#11b3ff>2005-06-03-15.43.44.519525</font>,<font color=#11b3ff>KERNEL INFO instruction cache parity error corrected</font>,<font color=#11b3ff>否</font>
<font color=#11b3ff>1117838624</font>,<font color=#11b3ff>R02-M1-N0-C:J12-U11</font>,<font color=#11b3ff>2005-06-03-15.43.44.664340</font>,<font color=#11b3ff>KERNEL INFO instruction cache parity error corrected</font>,<font color=#11b3ff>否</font>
<font color=#11b3ff>1117838624</font>,<font color=#11b3ff>R02-M1-N0-C:J12-U11</font>,<font color=#11b3ff>2005-06-03-15.43.44.825933</font>,<font color=#11b3ff>KERNEL INFO instruction cache parity error corrected</font>,<font color=#11b3ff>否</font>
<font color=#11b3ff>1117838626</font>,<font color=#11b3ff>R02-M1-N0-C:J12-U11</font>,<font color=#11b3ff>2005-06-03-15.43.46.498887</font>,<font color=#11b3ff>KERNEL INFO instruction cache parity error corrected</font>,<font color=#11b3ff>否</font>
<font color=#11b3ff>1117838626</font>,<font color=#11b3ff>R02-M1-N0-C:J12-U11</font>,<font color=#11b3ff>2005-06-03-15.43.46.679896</font>,<font color=#11b3ff>KERNEL INFO instruction cache parity error corrected</font>,<font color=#11b3ff>否</font>
<font color=#11b3ff>1117838626</font>,<font color=#11b3ff>R02-M1-N0-C:J12-U11</font>,<font color=#11b3ff>2005-06-03-15.43.46.831291</font>,<font color=#11b3ff>KERNEL INFO instruction cache parity error corrected</font>,<font color=#11b3ff>否</font>
<font color=#11b3ff>1117838626</font>,<font color=#11b3ff>R02-M1-N0-C:J12-U11</font>,<font color=#11b3ff>2005-06-03-15.43.46.976449</font>,<font color=#11b3ff>KERNEL INFO instruction cache parity error corrected</font>,<font color=#11b3ff>否</font>
<font color=#11b3ff>1117838627</font>,<font color=#11b3ff>R02-M1-N0-C:J12-U11</font>,<font color=#11b3ff>2005-06-03-15.43.47.127092</font>,<font color=#11b3ff>KERNEL INFO instruction cache parity error corrected</font>,<font color=#11b3ff>否</font>
<font color=#11b3ff>1117838627</font>,<font color=#11b3ff>R02-M1-N0-C:J12-U11</font>,<font color=#11b3ff>2005-06-03-15.43.47.279761</font>,<font color=#11b3ff>KERNEL INFO instruction cache parity error corrected</font>,<font color=#11b3ff>否</font>
<font color=#11b3ff>1117838627</font>,<font color=#11b3ff>R02-M1-N0-C:J12-U11</font>,<font color=#11b3ff>2005-06-03-15.43.47.425940</font>,<font color=#11b3ff>KERNEL INFO instruction cache parity error corrected</font>,<font color=#11b3ff>否</font>
<font color=#11b3ff>1117838627</font>,<font color=#11b3ff>R02-M1-N0-C:J12-U11</font>,<font color=#11b3ff>2005-06-03-15.43.47.564546</font>,<font color=#11b3ff>KERNEL INFO instruction cache parity error corrected</font>,<font color=#11b3ff>否</font>
<font color=#11b3ff>1117838629</font>,<font color=#11b3ff>R02-M1-N0-C:J12-U11</font>,<font color=#11b3ff>2005-06-03-15.43.49.244183</font>,<font color=#11b3ff>KERNEL INFO instruction cache parity error corrected</font>,<font color=#11b3ff>否</font>
<font color=#11b3ff>1117838629</font>,<font color=#11b3ff>R02-M1-N0-C:J12-U11</font>,<font color=#11b3ff>2005-06-03-15.43.49.390014</font>,<font color=#11b3ff>KERNEL INFO instruction cache parity error corrected</font>,<font color=#11b3ff>否</font>
<font color=#11b3ff>1117838629</font>,<font color=#11b3ff>R02-M1-N0-C:J12-U11</font>,<font color=#11b3ff>2005-06-03-15.43.49.526187</font>,<font color=#11b3ff>KERNEL INFO instruction cache parity error corrected</font>,<font color=#11b3ff>否</font>
<font color=#11b3ff>1117838629</font>,<font color=#11b3ff>R02-M1-N0-C:J12-U11</font>,<font color=#11b3ff>2005-06-03-15.43.49.679757</font>,<font color=#11b3ff>KERNEL INFO instruction cache parity error corrected</font>,<font color=#11b3ff>否</font>
<font color=#11b3ff>1117838629</font>,<font color=#11b3ff>R02-M1-N0-C:J12-U11</font>,<font color=#11b3ff>2005-06-03-15.43.49.828335</font>,<font color=#11b3ff>KERNEL INFO instruction cache parity error corrected</font>,<font color=#11b3ff>否</font>
<font color=#11b3ff>1117838629</font>,<font color=#11b3ff>R02-M1-N0-C:J12-U11</font>,<font color=#11b3ff>2005-06-03-15.43.49.972187</font>,<font color=#11b3ff>KERNEL INFO instruction cache parity error corrected</font>,<font color=#11b3ff>否</font>
<font color=#11b3ff>1117838630</font>,<font color=#11b3ff>R02-M1-N0-C:J12-U11</font>,<font color=#11b3ff>2005-06-03-15.43.50.109596</font>,<font color=#11b3ff>KERNEL INFO instruction cache parity error corrected</font>,<font color=#11b3ff>否</font>
<font color=#11b3ff>1117838630</font>,<font color=#11b3ff>R02-M1-N0-C:J12-U11</font>,<font color=#11b3ff>2005-06-03-15.43.50.264050</font>,<font color=#11b3ff>KERNEL INFO instruction cache parity error corrected</font>,<font color=#11b3ff>否</font>
<font color=#11b3ff>1117838630</font>,<font color=#11b3ff>R02-M1-N0-C:J12-U11</font>,<font color=#11b3ff>2005-06-03-15.43.50.414930</font>,<font color=#11b3ff>KERNEL INFO instruction cache parity error corrected</font>,<font color=#11b3ff>否</font>
<font color=#11b3ff>1117838630</font>,<font color=#11b3ff>R02-M1-N0-C:J12-U11</font>,<font color=#11b3ff>2005-06-03-15.43.50.552213</font>,<font color=#11b3ff>KERNEL INFO instruction cache parity error corrected</font>,<font color=#11b3ff>否</font>
<font color=#11b3ff>1117838630</font>,<font color=#11b3ff>R02-M1-N0-C:J12-U11</font>,<font color=#11b3ff>2005-06-03-15.43.50.717830</font>,<font color=#11b3ff>KERNEL INFO instruction cache parity error corrected</font>,<font color=#11b3ff>否</font>
<font color=#11b3ff>1117838636</font>,<font color=#11b3ff>R02-M1-N0-C:J12-U11</font>,<font color=#11b3ff>2005-06-03-15.43.56.993722</font>,<font color=#11b3ff>KERNEL INFO instruction cache parity error corrected</font>,<font color=#11b3ff>否</font>
<font color=#11b3ff>1117838637</font>,<font color=#11b3ff>R02-M1-N0-C:J12-U11</font>,<font color=#11b3ff>2005-06-03-15.43.57.137667</font>,<font color=#11b3ff>KERNEL INFO instruction cache parity error corrected</font>,<font color=#11b3ff>否</font>
<font color=#11b3ff>1117838637</font>,<font color=#11b3ff>R02-M1-N0-C:J12-U11</font>,<font color=#11b3ff>2005-06-03-15.43.57.272717</font>,<font color=#11b3ff>KERNEL INFO instruction cache parity error corrected</font>,<font color=#11b3ff>否</font>
<font color=#11b3ff>1117838637</font>,<font color=#11b3ff>R02-M1-N0-C:J12-U11</font>,<font color=#11b3ff>2005-06-03-15.43.57.419881</font>,<font color=#11b3ff>KERNEL INFO instruction cache parity error corrected</font>,<font color=#11b3ff>否</font>
<font color=#11b3ff>1117838637</font>,<font color=#11b3ff>R02-M1-N0-C:J12-U11</font>,<font color=#11b3ff>2005-06-03-15.43.57.589084</font>,<font color=#11b3ff>KERNEL INFO instruction cache parity error corrected</font>,<font color=#11b3ff>否</font>
<font color=#11b3ff>1117838637</font>,<font color=#11b3ff>R02-M1-N0-C:J12-U11</font>,<font color=#11b3ff>2005-06-03-15.43.57.734848</font>,<font color=#11b3ff>KERNEL INFO instruction cache parity error corrected</font>,<font color=#11b3ff>否</font>
<font color=#11b3ff>1117838637</font>,<font color=#11b3ff>R02-M1-N0-C:J12-U11</font>,<font color=#11b3ff>2005-06-03-15.43.57.923421</font>,<font color=#11b3ff>KERNEL INFO instruction cache parity error corrected</font>,<font color=#11b3ff>否</font>
